<?xml version="1.0" encoding="utf-8"?>
<COLLADA xmlns="http://www.collada.org/2005/11/COLLADASchema" version="1.4.1">
  <asset>
    <contributor><author>SwarmFYP</author></contributor>
    <created>2026-09-30T00:00:00</created>
    <modified>2026-09-30T00:00:00</modified>
    <unit name="meter" meter="1"/>
    <up_axis>Z_UP</up_axis>
  </asset>
  <library_geometries>
    <geometry id="CinewhoopFrame-mesh" name="CinewhoopFrame">
      <mesh>
        <source id="CinewhoopFrame-positions">
          <float_array id="CinewhoopFrame-positions-array" count="2520">0.238000 -0.220000 0.005000 0.238000 -0.220000 0.038000 0.248000 -0.220000 0.005000 0.248000 -0.220000 0.038000 0.235925 -0.198930 0.005000 0.235925 -0.198930 0.038000 0.245733 -0.196979 0.005000 0.245733 -0.196979 0.038000 0.229779 -0.178670 0.005000 0.229779 -0.178670 0.038000 0.239018 -0.174843 0.005000 0.239018 -0.174843 0.038000 0.219799 -0.159998 0.005000 0.219799 -0.159998 0.038000 0.228113 -0.154443 0.005000 0.228113 -0.154443 0.038000 0.206368 -0.143632 0.005000 0.206368 -0.143632 0.038000 0.213439 -0.136561 0.005000 0.213439 -0.136561 0.038000 0.190002 -0.130201 0.005000 0.190002 -0.130201 0.038000 0.195557 -0.121887 0.005000 0.195557 -0.121887 0.038000 0.171330 -0.120221 0.005000 0.171330 -0.120221 0.038000 0.175157 -0.110982 0.005000 0.175157 -0.110982 0.038000 0.151070 -0.114075 0.005000 0.151070 -0.114075 0.038000 0.153021 -0.104267 0.005000 0.153021 -0.104267 0.038000 0.130000 -0.112000 0.005000 0.130000 -0.112000 0.038000 0.130000 -0.102000 0.005000 0.130000 -0.102000 0.038000 0.108930 -0.114075 0.005000 0.108930 -0.114075 0.038000 0.106979 -0.104267 0.005000 0.106979 -0.104267 0.038000 0.088670 -0.120221 0.005000 0.088670 -0.120221 0.038000 0.084843 -0.110982 0.005000 0.084843 -0.110982 0.038000 0.069998 -0.130201 0.005000 0.069998 -0.130201 0.038000 0.064443 -0.121887 0.005000 0.064443 -0.121887 0.038000 0.053632 -0.143632 0.005000 0.053632 -0.143632 0.038000 0.046561 -0.136561 0.005000 0.046561 -0.136561 0.038000 0.040201 -0.159998 0.005000 0.040201 -0.159998 0.038000 0.031887 -0.154443 0.005000 0.031887 -0.154443 0.038000 0.030221 -0.178670 0.005000 0.030221 -0.178670 0.038000 0.020982 -0.174843 0.005000 0.020982 -0.174843 0.038000 0.024075 -0.198930 0.005000 0.024075 -0.198930 0.038000 0.014267 -0.196979 0.005000 0.014267 -0.196979 0.038000 0.022000 -0.220000 0.005000 0.022000 -0.220000 0.038000 0.012000 -0.220000 0.005000 0.012000 -0.220000 0.038000 0.024075 -0.241070 0.005000 0.024075 -0.241070 0.038000 0.014267 -0.243021 0.005000 0.014267 -0.243021 0.038000 0.030221 -0.261330 0.005000 0.030221 -0.261330 0.038000 0.020982 -0.265157 0.005000 0.020982 -0.265157 0.038000 0.040201 -0.280002 0.005000 0.040201 -0.280002 0.038000 0.031887 -0.285557 0.005000 0.031887 -0.285557 0.038000 0.053632 -0.296368 0.005000 0.053632 -0.296368 0.038000 0.046561 -0.303439 0.005000 0.046561 -0.303439 0.038000 0.069998 -0.309799 0.005000 0.069998 -0.309799 0.038000 0.064443 -0.318113 0.005000 0.064443 -0.318113 0.038000 0.088670 -0.319779 0.005000 0.088670 -0.319779 0.038000 0.084843 -0.329018 0.005000 0.084843 -0.329018 0.038000 0.108930 -0.325925 0.005000 0.108930 -0.325925 0.038000 0.106979 -0.335733 0.005000 0.106979 -0.335733 0.038000 0.130000 -0.328000 0.005000 0.130000 -0.328000 0.038000 0.130000 -0.338000 0.005000 0.130000 -0.338000 0.038000 0.151070 -0.325925 0.005000 0.151070 -0.325925 0.038000 0.153021 -0.335733 0.005000 0.153021 -0.335733 0.038000 0.171330 -0.319779 0.005000 0.171330 -0.319779 0.038000 0.175157 -0.329018 0.005000 0.175157 -0.329018 0.038000 0.190002 -0.309799 0.005000 0.190002 -0.309799 0.038000 0.195557 -0.318113 0.005000 0.195557 -0.318113 0.038000 0.206368 -0.296368 0.005000 0.206368 -0.296368 0.038000 0.213439 -0.303439 0.005000 0.213439 -0.303439 0.038000 0.219799 -0.280002 0.005000 0.219799 -0.280002 0.038000 0.228113 -0.285557 0.005000 0.228113 -0.285557 0.038000 0.229779 -0.261330 0.005000 0.229779 -0.261330 0.038000 0.239018 -0.265157 0.005000 0.239018 -0.265157 0.038000 0.235925 -0.241070 0.005000 0.235925 -0.241070 0.038000 0.245733 -0.243021 0.005000 0.245733 -0.243021 0.038000 0.152000 -0.220000 0.002000 0.152000 -0.220000 0.006000 0.150325 -0.211581 0.002000 0.150325 -0.211581 0.006000 0.145556 -0.204444 0.002000 0.145556 -0.204444 0.006000 0.138419 -0.199675 0.002000 0.138419 -0.199675 0.006000 0.130000 -0.198000 0.002000 0.130000 -0.198000 0.006000 0.121581 -0.199675 0.002000 0.121581 -0.199675 0.006000 0.114444 -0.204444 0.002000 0.114444 -0.204444 0.006000 0.109675 -0.211581 0.002000 0.109675 -0.211581 0.006000 0.108000 -0.220000 0.002000 0.108000 -0.220000 0.006000 0.109675 -0.228419 0.002000 0.109675 -0.228419 0.006000 0.114444 -0.235556 0.002000 0.114444 -0.235556 0.006000 0.121581 -0.240325 0.002000 0.121581 -0.240325 0.006000 0.130000 -0.242000 0.002000 0.130000 -0.242000 0.006000 0.138419 -0.240325 0.002000 0.138419 -0.240325 0.006000 0.145556 -0.235556 0.002000 0.145556 -0.235556 0.006000 0.150325 -0.228419 0.002000 0.150325 -0.228419 0.006000 0.130000 -0.220000 0.006000 0.130000 -0.220000 0.002000 0.127402 -0.218500 0.002000 0.181402 -0.124969 0.002000 0.186598 -0.127969 0.002000 0.132598 -0.221500 0.002000 0.127402 -0.218500 0.006000 0.181402 -0.124969 0.006000 0.186598 -0.127969 0.006000 0.132598 -0.221500 0.006000 0.130000 -0.223000 0.002000 0.022000 -0.223000 0.002000 0.022000 -0.217000 0.002000 0.130000 -0.217000 0.002000 0.130000 -0.223000 0.006000 0.022000 -0.223000 0.006000 0.022000 -0.217000 0.006000 0.130000 -0.217000 0.006000 0.132598 -0.218500 0.002000 0.186598 -0.312031 0.002000 0.181402 -0.315031 0.002000 0.127402 -0.221500 0.002000 0.132598 -0.218500 0.006000 0.186598 -0.312031 0.006000 0.181402 -0.315031 0.006000 0.127402 -0.221500 0.006000 -0.022000 0.200000 0.005000 -0.022000 0.200000 0.038000 -0.012000 0.200000 0.005000 -0.012000 0.200000 0.038000 -0.024075 0.221070 0.005000 -0.024075 0.221070 0.038000 -0.014267 0.223021 0.005000 -0.014267 0.223021 0.038000 -0.030221 0.241330 0.005000 -0.030221 0.241330 0.038000 -0.020982 0.245157 0.005000 -0.020982 0.245157 0.038000 -0.040201 0.260002 0.005000 -0.040201 0.260002 0.038000 -0.031887 0.265557 0.005000 -0.031887 0.265557 0.038000 -0.053632 0.276368 0.005000 -0.053632 0.276368 0.038000 -0.046561 0.283439 0.005000 -0.046561 0.283439 0.038000 -0.069998 0.289799 0.005000 -0.069998 0.289799 0.038000 -0.064443 0.298113 0.005000 -0.064443 0.298113 0.038000 -0.088670 0.299779 0.005000 -0.088670 0.299779 0.038000 -0.084843 0.309018 0.005000 -0.084843 0.309018 0.038000 -0.108930 0.305925 0.005000 -0.108930 0.305925 0.038000 -0.106979 0.315733 0.005000 -0.106979 0.315733 0.038000 -0.130000 0.308000 0.005000 -0.130000 0.308000 0.038000 -0.130000 0.318000 0.005000 -0.130000 0.318000 0.038000 -0.151070 0.305925 0.005000 -0.151070 0.305925 0.038000 -0.153021 0.315733 0.005000 -0.153021 0.315733 0.038000 -0.171330 0.299779 0.005000 -0.171330 0.299779 0.038000 -0.175157 0.309018 0.005000 -0.175157 0.309018 0.038000 -0.190002 0.289799 0.005000 -0.190002 0.289799 0.038000 -0.195557 0.298113 0.005000 -0.195557 0.298113 0.038000 -0.206368 0.276368 0.005000 -0.206368 0.276368 0.038000 -0.213439 0.283439 0.005000 -0.213439 0.283439 0.038000 -0.219799 0.260002 0.005000 -0.219799 0.260002 0.038000 -0.228113 0.265557 0.005000 -0.228113 0.265557 0.038000 -0.229779 0.241330 0.005000 -0.229779 0.241330 0.038000 -0.239018 0.245157 0.005000 -0.239018 0.245157 0.038000 -0.235925 0.221070 0.005000 -0.235925 0.221070 0.038000 -0.245733 0.223021 0.005000 -0.245733 0.223021 0.038000 -0.238000 0.200000 0.005000 -0.238000 0.200000 0.038000 -0.248000 0.200000 0.005000 -0.248000 0.200000 0.038000 -0.235925 0.178930 0.005000 -0.235925 0.178930 0.038000 -0.245733 0.176979 0.005000 -0.245733 0.176979 0.038000 -0.229779 0.158670 0.005000 -0.229779 0.158670 0.038000 -0.239018 0.154843 0.005000 -0.239018 0.154843 0.038000 -0.219799 0.139998 0.005000 -0.219799 0.139998 0.038000 -0.228113 0.134443 0.005000 -0.228113 0.134443 0.038000 -0.206368 0.123632 0.005000 -0.206368 0.123632 0.038000 -0.213439 0.116561 0.005000 -0.213439 0.116561 0.038000 -0.190002 0.110201 0.005000 -0.190002 0.110201 0.038000 -0.195557 0.101887 0.005000 -0.195557 0.101887 0.038000 -0.171330 0.100221 0.005000 -0.171330 0.100221 0.038000 -0.175157 0.090982 0.005000 -0.175157 0.090982 0.038000 -0.151070 0.094075 0.005000 -0.151070 0.094075 0.038000 -0.153021 0.084267 0.005000 -0.153021 0.084267 0.038000 -0.130000 0.092000 0.005000 -0.130000 0.092000 0.038000 -0.130000 0.082000 0.005000 -0.130000 0.082000 0.038000 -0.108930 0.094075 0.005000 -0.108930 0.094075 0.038000 -0.106979 0.084267 0.005000 -0.106979 0.084267 0.038000 -0.088670 0.100221 0.005000 -0.088670 0.100221 0.038000 -0.084843 0.090982 0.005000 -0.084843 0.090982 0.038000 -0.069998 0.110201 0.005000 -0.069998 0.110201 0.038000 -0.064443 0.101887 0.005000 -0.064443 0.101887 0.038000 -0.053632 0.123632 0.005000 -0.053632 0.123632 0.038000 -0.046561 0.116561 0.005000 -0.046561 0.116561 0.038000 -0.040201 0.139998 0.005000 -0.040201 0.139998 0.038000 -0.031887 0.134443 0.005000 -0.031887 0.134443 0.038000 -0.030221 0.158670 0.005000 -0.030221 0.158670 0.038000 -0.020982 0.154843 0.005000 -0.020982 0.154843 0.038000 -0.024075 0.178930 0.005000 -0.024075 0.178930 0.038000 -0.014267 0.176979 0.005000 -0.014267 0.176979 0.038000 -0.108000 0.200000 0.002000 -0.108000 0.200000 0.006000 -0.109675 0.208419 0.002000 -0.109675 0.208419 0.006000 -0.114444 0.215556 0.002000 -0.114444 0.215556 0.006000 -0.121581 0.220325 0.002000 -0.121581 0.220325 0.006000 -0.130000 0.222000 0.002000 -0.130000 0.222000 0.006000 -0.138419 0.220325 0.002000 -0.138419 0.220325 0.006000 -0.145556 0.215556 0.002000 -0.145556 0.215556 0.006000 -0.150325 0.208419 0.002000 -0.150325 0.208419 0.006000 -0.152000 0.200000 0.002000 -0.152000 0.200000 0.006000 -0.150325 0.191581 0.002000 -0.150325 0.191581 0.006000 -0.145556 0.184444 0.002000 -0.145556 0.184444 0.006000 -0.138419 0.179675 0.002000 -0.138419 0.179675 0.006000 -0.130000 0.178000 0.002000 -0.130000 0.178000 0.006000 -0.121581 0.179675 0.002000 -0.121581 0.179675 0.006000 -0.114444 0.184444 0.002000 -0.114444 0.184444 0.006000 -0.109675 0.191581 0.002000 -0.109675 0.191581 0.006000 -0.130000 0.200000 0.006000 -0.130000 0.200000 0.002000 -0.132598 0.201500 0.002000 -0.078598 0.295031 0.002000 -0.073402 0.292031 0.002000 -0.127402 0.198500 0.002000 -0.132598 0.201500 0.006000 -0.078598 0.295031 0.006000 -0.073402 0.292031 0.006000 -0.127402 0.198500 0.006000 -0.130000 0.197000 0.002000 -0.238000 0.197000 0.002000 -0.238000 0.203000 0.002000 -0.130000 0.203000 0.002000 -0.130000 0.197000 0.006000 -0.238000 0.197000 0.006000 -0.238000 0.203000 0.006000 -0.130000 0.203000 0.006000 -0.127402 0.201500 0.002000 -0.073402 0.107969 0.002000 -0.078598 0.104969 0.002000 -0.132598 0.198500 0.002000 -0.127402 0.201500 0.006000 -0.073402 0.107969 0.006000 -0.078598 0.104969 0.006000 -0.132598 0.198500 0.006000 0.238000 0.220000 0.005000 0.238000 0.220000 0.038000 0.248000 0.220000 0.005000 0.248000 0.220000 0.038000 0.235925 0.241070 0.005000 0.235925 0.241070 0.038000 0.245733 0.243021 0.005000 0.245733 0.243021 0.038000 0.229779 0.261330 0.005000 0.229779 0.261330 0.038000 0.239018 0.265157 0.005000 0.239018 0.265157 0.038000 0.219799 0.280002 0.005000 0.219799 0.280002 0.038000 0.228113 0.285557 0.005000 0.228113 0.285557 0.038000 0.206368 0.296368 0.005000 0.206368 0.296368 0.038000 0.213439 0.303439 0.005000 0.213439 0.303439 0.038000 0.190002 0.309799 0.005000 0.190002 0.309799 0.038000 0.195557 0.318113 0.005000 0.195557 0.318113 0.038000 0.171330 0.319779 0.005000 0.171330 0.319779 0.038000 0.175157 0.329018 0.005000 0.175157 0.329018 0.038000 0.151070 0.325925 0.005000 0.151070 0.325925 0.038000 0.153021 0.335733 0.005000 0.153021 0.335733 0.038000 0.130000 0.328000 0.005000 0.130000 0.328000 0.038000 0.130000 0.338000 0.005000 0.130000 0.338000 0.038000 0.108930 0.325925 0.005000 0.108930 0.325925 0.038000 0.106979 0.335733 0.005000 0.106979 0.335733 0.038000 0.088670 0.319779 0.005000 0.088670 0.319779 0.038000 0.084843 0.329018 0.005000 0.084843 0.329018 0.038000 0.069998 0.309799 0.005000 0.069998 0.309799 0.038000 0.064443 0.318113 0.005000 0.064443 0.318113 0.038000 0.053632 0.296368 0.005000 0.053632 0.296368 0.038000 0.046561 0.303439 0.005000 0.046561 0.303439 0.038000 0.040201 0.280002 0.005000 0.040201 0.280002 0.038000 0.031887 0.285557 0.005000 0.031887 0.285557 0.038000 0.030221 0.261330 0.005000 0.030221 0.261330 0.038000 0.020982 0.265157 0.005000 0.020982 0.265157 0.038000 0.024075 0.241070 0.005000 0.024075 0.241070 0.038000 0.014267 0.243021 0.005000 0.014267 0.243021 0.038000 0.022000 0.220000 0.005000 0.022000 0.220000 0.038000 0.012000 0.220000 0.005000 0.012000 0.220000 0.038000 0.024075 0.198930 0.005000 0.024075 0.198930 0.038000 0.014267 0.196979 0.005000 0.014267 0.196979 0.038000 0.030221 0.178670 0.005000 0.030221 0.178670 0.038000 0.020982 0.174843 0.005000 0.020982 0.174843 0.038000 0.040201 0.159998 0.005000 0.040201 0.159998 0.038000 0.031887 0.154443 0.005000 0.031887 0.154443 0.038000 0.053632 0.143632 0.005000 0.053632 0.143632 0.038000 0.046561 0.136561 0.005000 0.046561 0.136561 0.038000 0.069998 0.130201 0.005000 0.069998 0.130201 0.038000 0.064443 0.121887 0.005000 0.064443 0.121887 0.038000 0.088670 0.120221 0.005000 0.088670 0.120221 0.038000 0.084843 0.110982 0.005000 0.084843 0.110982 0.038000 0.108930 0.114075 0.005000 0.108930 0.114075 0.038000 0.106979 0.104267 0.005000 0.106979 0.104267 0.038000 0.130000 0.112000 0.005000 0.130000 0.112000 0.038000 0.130000 0.102000 0.005000 0.130000 0.102000 0.038000 0.151070 0.114075 0.005000 0.151070 0.114075 0.038000 0.153021 0.104267 0.005000 0.153021 0.104267 0.038000 0.171330 0.120221 0.005000 0.171330 0.120221 0.038000 0.175157 0.110982 0.005000 0.175157 0.110982 0.038000 0.190002 0.130201 0.005000 0.190002 0.130201 0.038000 0.195557 0.121887 0.005000 0.195557 0.121887 0.038000 0.206368 0.143632 0.005000 0.206368 0.143632 0.038000 0.213439 0.136561 0.005000 0.213439 0.136561 0.038000 0.219799 0.159998 0.005000 0.219799 0.159998 0.038000 0.228113 0.154443 0.005000 0.228113 0.154443 0.038000 0.229779 0.178670 0.005000 0.229779 0.178670 0.038000 0.239018 0.174843 0.005000 0.239018 0.174843 0.038000 0.235925 0.198930 0.005000 0.235925 0.198930 0.038000 0.245733 0.196979 0.005000 0.245733 0.196979 0.038000 0.152000 0.220000 0.002000 0.152000 0.220000 0.006000 0.150325 0.228419 0.002000 0.150325 0.228419 0.006000 0.145556 0.235556 0.002000 0.145556 0.235556 0.006000 0.138419 0.240325 0.002000 0.138419 0.240325 0.006000 0.130000 0.242000 0.002000 0.130000 0.242000 0.006000 0.121581 0.240325 0.002000 0.121581 0.240325 0.006000 0.114444 0.235556 0.002000 0.114444 0.235556 0.006000 0.109675 0.228419 0.002000 0.109675 0.228419 0.006000 0.108000 0.220000 0.002000 0.108000 0.220000 0.006000 0.109675 0.211581 0.002000 0.109675 0.211581 0.006000 0.114444 0.204444 0.002000 0.114444 0.204444 0.006000 0.121581 0.199675 0.002000 0.121581 0.199675 0.006000 0.130000 0.198000 0.002000 0.130000 0.198000 0.006000 0.138419 0.199675 0.002000 0.138419 0.199675 0.006000 0.145556 0.204444 0.002000 0.145556 0.204444 0.006000 0.150325 0.211581 0.002000 0.150325 0.211581 0.006000 0.130000 0.220000 0.006000 0.130000 0.220000 0.002000 0.127402 0.221500 0.002000 0.181402 0.315031 0.002000 0.186598 0.312031 0.002000 0.132598 0.218500 0.002000 0.127402 0.221500 0.006000 0.181402 0.315031 0.006000 0.186598 0.312031 0.006000 0.132598 0.218500 0.006000 0.130000 0.217000 0.002000 0.022000 0.217000 0.002000 0.022000 0.223000 0.002000 0.130000 0.223000 0.002000 0.130000 0.217000 0.006000 0.022000 0.217000 0.006000 0.022000 0.223000 0.006000 0.130000 0.223000 0.006000 0.132598 0.221500 0.002000 0.186598 0.127969 0.002000 0.181402 0.124969 0.002000 0.127402 0.218500 0.002000 0.132598 0.221500 0.006000 0.186598 0.127969 0.006000 0.181402 0.124969 0.006000 0.127402 0.218500 0.006000 -0.022000 -0.200000 0.005000 -0.022000 -0.200000 0.038000 -0.012000 -0.200000 0.005000 -0.012000 -0.200000 0.038000 -0.024075 -0.178930 0.005000 -0.024075 -0.178930 0.038000 -0.014267 -0.176979 0.005000 -0.014267 -0.176979 0.038000 -0.030221 -0.158670 0.005000 -0.030221 -0.158670 0.038000 -0.020982 -0.154843 0.005000 -0.020982 -0.154843 0.038000 -0.040201 -0.139998 0.005000 -0.040201 -0.139998 0.038000 -0.031887 -0.134443 0.005000 -0.031887 -0.134443 0.038000 -0.053632 -0.123632 0.005000 -0.053632 -0.123632 0.038000 -0.046561 -0.116561 0.005000 -0.046561 -0.116561 0.038000 -0.069998 -0.110201 0.005000 -0.069998 -0.110201 0.038000 -0.064443 -0.101887 0.005000 -0.064443 -0.101887 0.038000 -0.088670 -0.100221 0.005000 -0.088670 -0.100221 0.038000 -0.084843 -0.090982 0.005000 -0.084843 -0.090982 0.038000 -0.108930 -0.094075 0.005000 -0.108930 -0.094075 0.038000 -0.106979 -0.084267 0.005000 -0.106979 -0.084267 0.038000 -0.130000 -0.092000 0.005000 -0.130000 -0.092000 0.038000 -0.130000 -0.082000 0.005000 -0.130000 -0.082000 0.038000 -0.151070 -0.094075 0.005000 -0.151070 -0.094075 0.038000 -0.153021 -0.084267 0.005000 -0.153021 -0.084267 0.038000 -0.171330 -0.100221 0.005000 -0.171330 -0.100221 0.038000 -0.175157 -0.090982 0.005000 -0.175157 -0.090982 0.038000 -0.190002 -0.110201 0.005000 -0.190002 -0.110201 0.038000 -0.195557 -0.101887 0.005000 -0.195557 -0.101887 0.038000 -0.206368 -0.123632 0.005000 -0.206368 -0.123632 0.038000 -0.213439 -0.116561 0.005000 -0.213439 -0.116561 0.038000 -0.219799 -0.139998 0.005000 -0.219799 -0.139998 0.038000 -0.228113 -0.134443 0.005000 -0.228113 -0.134443 0.038000 -0.229779 -0.158670 0.005000 -0.229779 -0.158670 0.038000 -0.239018 -0.154843 0.005000 -0.239018 -0.154843 0.038000 -0.235925 -0.178930 0.005000 -0.235925 -0.178930 0.038000 -0.245733 -0.176979 0.005000 -0.245733 -0.176979 0.038000 -0.238000 -0.200000 0.005000 -0.238000 -0.200000 0.038000 -0.248000 -0.200000 0.005000 -0.248000 -0.200000 0.038000 -0.235925 -0.221070 0.005000 -0.235925 -0.221070 0.038000 -0.245733 -0.223021 0.005000 -0.245733 -0.223021 0.038000 -0.229779 -0.241330 0.005000 -0.229779 -0.241330 0.038000 -0.239018 -0.245157 0.005000 -0.239018 -0.245157 0.038000 -0.219799 -0.260002 0.005000 -0.219799 -0.260002 0.038000 -0.228113 -0.265557 0.005000 -0.228113 -0.265557 0.038000 -0.206368 -0.276368 0.005000 -0.206368 -0.276368 0.038000 -0.213439 -0.283439 0.005000 -0.213439 -0.283439 0.038000 -0.190002 -0.289799 0.005000 -0.190002 -0.289799 0.038000 -0.195557 -0.298113 0.005000 -0.195557 -0.298113 0.038000 -0.171330 -0.299779 0.005000 -0.171330 -0.299779 0.038000 -0.175157 -0.309018 0.005000 -0.175157 -0.309018 0.038000 -0.151070 -0.305925 0.005000 -0.151070 -0.305925 0.038000 -0.153021 -0.315733 0.005000 -0.153021 -0.315733 0.038000 -0.130000 -0.308000 0.005000 -0.130000 -0.308000 0.038000 -0.130000 -0.318000 0.005000 -0.130000 -0.318000 0.038000 -0.108930 -0.305925 0.005000 -0.108930 -0.305925 0.038000 -0.106979 -0.315733 0.005000 -0.106979 -0.315733 0.038000 -0.088670 -0.299779 0.005000 -0.088670 -0.299779 0.038000 -0.084843 -0.309018 0.005000 -0.084843 -0.309018 0.038000 -0.069998 -0.289799 0.005000 -0.069998 -0.289799 0.038000 -0.064443 -0.298113 0.005000 -0.064443 -0.298113 0.038000 -0.053632 -0.276368 0.005000 -0.053632 -0.276368 0.038000 -0.046561 -0.283439 0.005000 -0.046561 -0.283439 0.038000 -0.040201 -0.260002 0.005000 -0.040201 -0.260002 0.038000 -0.031887 -0.265557 0.005000 -0.031887 -0.265557 0.038000 -0.030221 -0.241330 0.005000 -0.030221 -0.241330 0.038000 -0.020982 -0.245157 0.005000 -0.020982 -0.245157 0.038000 -0.024075 -0.221070 0.005000 -0.024075 -0.221070 0.038000 -0.014267 -0.223021 0.005000 -0.014267 -0.223021 0.038000 -0.108000 -0.200000 0.002000 -0.108000 -0.200000 0.006000 -0.109675 -0.191581 0.002000 -0.109675 -0.191581 0.006000 -0.114444 -0.184444 0.002000 -0.114444 -0.184444 0.006000 -0.121581 -0.179675 0.002000 -0.121581 -0.179675 0.006000 -0.130000 -0.178000 0.002000 -0.130000 -0.178000 0.006000 -0.138419 -0.179675 0.002000 -0.138419 -0.179675 0.006000 -0.145556 -0.184444 0.002000 -0.145556 -0.184444 0.006000 -0.150325 -0.191581 0.002000 -0.150325 -0.191581 0.006000 -0.152000 -0.200000 0.002000 -0.152000 -0.200000 0.006000 -0.150325 -0.208419 0.002000 -0.150325 -0.208419 0.006000 -0.145556 -0.215556 0.002000 -0.145556 -0.215556 0.006000 -0.138419 -0.220325 0.002000 -0.138419 -0.220325 0.006000 -0.130000 -0.222000 0.002000 -0.130000 -0.222000 0.006000 -0.121581 -0.220325 0.002000 -0.121581 -0.220325 0.006000 -0.114444 -0.215556 0.002000 -0.114444 -0.215556 0.006000 -0.109675 -0.208419 0.002000 -0.109675 -0.208419 0.006000 -0.130000 -0.200000 0.006000 -0.130000 -0.200000 0.002000 -0.132598 -0.198500 0.002000 -0.078598 -0.104969 0.002000 -0.073402 -0.107969 0.002000 -0.127402 -0.201500 0.002000 -0.132598 -0.198500 0.006000 -0.078598 -0.104969 0.006000 -0.073402 -0.107969 0.006000 -0.127402 -0.201500 0.006000 -0.130000 -0.203000 0.002000 -0.238000 -0.203000 0.002000 -0.238000 -0.197000 0.002000 -0.130000 -0.197000 0.002000 -0.130000 -0.203000 0.006000 -0.238000 -0.203000 0.006000 -0.238000 -0.197000 0.006000 -0.130000 -0.197000 0.006000 -0.127402 -0.198500 0.002000 -0.073402 -0.292031 0.002000 -0.078598 -0.295031 0.002000 -0.132598 -0.201500 0.002000 -0.127402 -0.198500 0.006000 -0.073402 -0.292031 0.006000 -0.078598 -0.295031 0.006000 -0.132598 -0.201500 0.006000 -0.150000 -0.045000 0.000000 0.150000 -0.045000 0.000000 0.150000 0.045000 0.000000 -0.150000 0.045000 0.000000 -0.150000 -0.045000 0.003500 0.150000 -0.045000 0.003500 0.150000 0.045000 0.003500 -0.150000 0.045000 0.003500 0.009470 0.005596 0.000000 0.139470 -0.214404 0.000000 0.120530 -0.225596 0.000000 -0.009470 -0.005596 0.000000 0.009470 0.005596 0.004000 0.139470 -0.214404 0.004000 0.120530 -0.225596 0.004000 -0.009470 -0.005596 0.004000 -0.009223 -0.005995 0.000000 -0.139223 0.194005 0.000000 -0.120777 0.205995 0.000000 0.009223 0.005995 0.000000 -0.009223 -0.005995 0.004000 -0.139223 0.194005 0.004000 -0.120777 0.205995 0.004000 0.009223 0.005995 0.004000 -0.009470 0.005596 0.000000 0.120530 0.225596 0.000000 0.139470 0.214404 0.000000 0.009470 -0.005596 0.000000 -0.009470 0.005596 0.004000 0.120530 0.225596 0.004000 0.139470 0.214404 0.004000 0.009470 -0.005596 0.004000 0.009223 -0.005995 0.000000 -0.120777 -0.205995 0.000000 -0.139223 -0.194005 0.000000 -0.009223 0.005995 0.000000 0.009223 -0.005995 0.004000 -0.120777 -0.205995 0.004000 -0.139223 -0.194005 0.004000 -0.009223 0.005995 0.004000 0.125000 -0.105000 0.015000 0.135000 -0.105000 0.015000 0.135000 0.105000 0.015000 0.125000 0.105000 0.015000 0.125000 -0.105000 0.025000 0.135000 -0.105000 0.025000 0.135000 0.105000 0.025000 0.125000 0.105000 0.025000 -0.135000 -0.105000 0.015000 -0.125000 -0.105000 0.015000 -0.125000 0.105000 0.015000 -0.135000 0.105000 0.015000 -0.135000 -0.105000 0.025000 -0.125000 -0.105000 0.025000 -0.125000 0.105000 0.025000 -0.135000 0.105000 0.025000 -0.020000 -0.215000 0.015000 0.020000 -0.215000 0.015000 0.020000 -0.205000 0.015000 -0.020000 -0.205000 0.015000 -0.020000 -0.215000 0.025000 0.020000 -0.215000 0.025000 0.020000 -0.205000 0.025000 -0.020000 -0.205000 0.025000 -0.020000 0.205000 0.015000 0.020000 0.205000 0.015000 0.020000 0.215000 0.015000 -0.020000 0.215000 0.015000 -0.020000 0.205000 0.025000 0.020000 0.205000 0.025000 0.020000 0.215000 0.025000 -0.020000 0.215000 0.025000 -0.100000 -0.035000 0.029000 0.090000 -0.035000 0.029000 0.090000 0.035000 0.029000 -0.100000 0.035000 0.029000 -0.100000 -0.035000 0.032000 0.090000 -0.035000 0.032000 0.090000 0.035000 0.032000 -0.100000 0.035000 0.032000 0.100000 0.018000 0.003000 0.150000 0.018000 0.003000 0.150000 0.021000 0.003000 0.100000 0.021000 0.003000 0.100000 0.018000 0.032000 0.150000 0.018000 0.032000 0.150000 0.021000 0.032000 0.100000 0.021000 0.032000 0.100000 -0.021000 0.003000 0.150000 -0.021000 0.003000 0.150000 -0.018000 0.003000 0.100000 -0.018000 0.003000 0.100000 -0.021000 0.032000 0.150000 -0.021000 0.032000 0.150000 -0.018000 0.032000 0.100000 -0.018000 0.032000</float_array>
          <technique_common>
            <accessor source="#CinewhoopFrame-positions-array" count="840" stride="3">
              <param name="X" type="float"/>
              <param name="Y" type="float"/>
              <param name="Z" type="float"/>
            </accessor>
          </technique_common>
        </source>
        <source id="CinewhoopFrame-normals">
          <float_array id="CinewhoopFrame-normals-array" count="2520">0.954043 0.031322 0.298027 0.954043 -0.031322 -0.298027 -0.958799 -0.031478 0.282338 -0.958799 0.031478 -0.282338 0.929601 0.216844 0.298027 0.941822 0.155405 -0.298027 -0.934234 -0.217925 0.282338 -0.946517 -0.156179 -0.282338 0.869435 0.394034 0.298027 0.893407 0.336159 -0.298027 -0.873768 -0.395998 0.282338 -0.897860 -0.337835 -0.282338 0.775857 0.556081 0.298027 0.810660 0.503995 -0.298027 -0.779724 -0.558853 0.282338 -0.814700 -0.506507 -0.282338 0.652463 0.696758 0.298027 0.696758 0.652463 -0.298027 -0.655715 -0.700231 0.282338 -0.700231 -0.655715 -0.282338 0.503995 0.810660 0.298027 0.556081 0.775857 -0.298027 -0.506507 -0.814700 0.282338 -0.558853 -0.779724 -0.282338 0.336159 0.893407 0.298027 0.394034 0.869435 -0.298027 -0.337835 -0.897860 0.282338 -0.395998 -0.873768 -0.282338 0.155405 0.941822 0.298027 0.216844 0.929601 -0.298027 -0.156179 -0.946517 0.282338 -0.217925 -0.934234 -0.282338 -0.031322 0.954043 0.298027 0.031322 0.954043 -0.298027 0.031478 -0.958799 0.282338 -0.031478 -0.958799 -0.282338 -0.216844 0.929601 0.298027 -0.155405 0.941822 -0.298027 0.217925 -0.934234 0.282338 0.156179 -0.946517 -0.282338 -0.394034 0.869435 0.298027 -0.336159 0.893407 -0.298027 0.395998 -0.873768 0.282338 0.337835 -0.897860 -0.282338 -0.556081 0.775857 0.298027 -0.503995 0.810660 -0.298027 0.558853 -0.779724 0.282338 0.506507 -0.814700 -0.282338 -0.696758 0.652463 0.298027 -0.652463 0.696758 -0.298027 0.700231 -0.655715 0.282338 0.655715 -0.700231 -0.282338 -0.810660 0.503995 0.298027 -0.775857 0.556081 -0.298027 0.814700 -0.506507 0.282338 0.779724 -0.558853 -0.282338 -0.893407 0.336159 0.298027 -0.869435 0.394034 -0.298027 0.897860 -0.337835 0.282338 0.873768 -0.395998 -0.282338 -0.941822 0.155405 0.298027 -0.929601 0.216844 -0.298027 0.946517 -0.156179 0.282338 0.934234 -0.217925 -0.282338 -0.954043 -0.031322 0.298027 -0.954043 0.031322 -0.298027 0.958799 0.031478 0.282338 0.958799 -0.031478 -0.282338 -0.929601 -0.216844 0.298027 -0.941822 -0.155405 -0.298027 0.934234 0.217925 0.282338 0.946517 0.156179 -0.282338 -0.869435 -0.394034 0.298027 -0.893407 -0.336159 -0.298027 0.873768 0.395998 0.282338 0.897860 0.337835 -0.282338 -0.775857 -0.556081 0.298027 -0.810660 -0.503995 -0.298027 0.779724 0.558853 0.282338 0.814700 0.506507 -0.282338 -0.652463 -0.696758 0.298027 -0.696758 -0.652463 -0.298027 0.655715 0.700231 0.282338 0.700231 0.655715 -0.282338 -0.503995 -0.810660 0.298027 -0.556081 -0.775857 -0.298027 0.506507 0.814700 0.282338 0.558853 0.779724 -0.282338 -0.336159 -0.893407 0.298027 -0.394034 -0.869435 -0.298027 0.337835 0.897860 0.282338 0.395998 0.873768 -0.282338 -0.155405 -0.941822 0.298027 -0.216844 -0.929601 -0.298027 0.156179 0.946517 0.282338 0.217925 0.934234 -0.282338 0.031322 -0.954043 0.298027 -0.031322 -0.954043 -0.298027 -0.031478 0.958799 0.282338 0.031478 0.958799 -0.282338 0.216844 -0.929601 0.298027 0.155405 -0.941822 -0.298027 -0.217925 0.934234 0.282338 -0.156179 0.946517 -0.282338 0.394034 -0.869435 0.298027 0.336159 -0.893407 -0.298027 -0.395998 0.873768 0.282338 -0.337835 0.897860 -0.282338 0.556081 -0.775857 0.298027 0.503995 -0.810660 -0.298027 -0.558853 0.779724 0.282338 -0.506507 0.814700 -0.282338 0.696758 -0.652463 0.298027 0.652463 -0.696758 -0.298027 -0.700231 0.655715 0.282338 -0.655715 0.700231 -0.282338 0.810660 -0.503995 0.298027 0.775857 -0.556081 -0.298027 -0.814700 0.506507 0.282338 -0.779724 0.558853 -0.282338 0.893407 -0.336159 0.298027 0.869435 -0.394034 -0.298027 -0.897860 0.337835 0.282338 -0.873768 0.395998 -0.282338 0.941822 -0.155405 0.298027 0.929601 -0.216844 -0.298027 -0.946517 0.156179 0.282338 -0.934234 0.217925 -0.282338 0.263077 0.017443 -0.964617 0.263077 -0.017443 0.964617 0.236377 0.116791 -0.964617 0.249727 0.084560 0.964617 0.173690 0.198358 -0.964617 0.198358 0.173690 0.964617 0.084560 0.249727 -0.964617 0.116791 0.236377 0.964617 -0.017443 0.263077 -0.964617 0.017443 0.263077 0.964617 -0.116791 0.236377 -0.964617 -0.084560 0.249727 0.964617 -0.198358 0.173690 -0.964617 -0.173690 0.198358 0.964617 -0.249727 0.084560 -0.964617 -0.236377 0.116791 0.964617 -0.263077 -0.017443 -0.964617 -0.263077 0.017443 0.964617 -0.236377 -0.116791 -0.964617 -0.249727 -0.084560 0.964617 -0.173690 -0.198358 -0.964617 -0.198358 -0.173690 0.964617 -0.084560 -0.249727 -0.964617 -0.116791 -0.236377 0.964617 0.017443 -0.263077 -0.964617 -0.017443 -0.263077 0.964617 0.116791 -0.236377 -0.964617 0.084560 -0.249727 0.964617 0.198358 -0.173690 -0.964617 0.173690 -0.198358 0.964617 0.249727 -0.084560 -0.964617 0.236377 -0.116791 0.964617 0.000000 0.000000 1.000000 0.000000 0.000000 -1.000000 -0.488031 0.263975 -0.831952 -0.448716 0.330100 -0.830474 0.488031 -0.263975 -0.831952 0.448716 -0.330100 -0.830474 -0.291250 0.127606 0.948098 -0.681541 0.419142 0.599852 0.291250 -0.127606 0.948098 0.681541 -0.419142 0.599852 0.015407 -0.554634 -0.831952 -0.061517 -0.553650 -0.830474 -0.015407 0.554634 -0.831952 0.061517 0.553650 -0.830474 0.035115 -0.316033 0.948098 -0.022217 -0.799803 0.599852 -0.035115 0.316033 0.948098 0.022217 0.799803 0.599852 0.472624 0.290660 -0.831952 0.510233 0.223550 -0.830474 -0.472624 -0.290660 -0.831952 -0.510233 -0.223550 -0.830474 0.256135 0.188427 0.948098 0.703758 0.380661 0.599852 -0.256135 -0.188427 0.948098 -0.703758 -0.380661 0.599852 0.954043 0.031322 0.298027 0.954043 -0.031322 -0.298027 -0.958799 -0.031478 0.282338 -0.958799 0.031478 -0.282338 0.929601 0.216844 0.298027 0.941822 0.155405 -0.298027 -0.934234 -0.217925 0.282338 -0.946517 -0.156179 -0.282338 0.869435 0.394034 0.298027 0.893407 0.336159 -0.298027 -0.873768 -0.395998 0.282338 -0.897860 -0.337835 -0.282338 0.775857 0.556081 0.298027 0.810660 0.503995 -0.298027 -0.779724 -0.558853 0.282338 -0.814700 -0.506507 -0.282338 0.652463 0.696758 0.298027 0.696758 0.652463 -0.298027 -0.655715 -0.700231 0.282338 -0.700231 -0.655715 -0.282338 0.503995 0.810660 0.298027 0.556081 0.775857 -0.298027 -0.506507 -0.814700 0.282338 -0.558853 -0.779724 -0.282338 0.336159 0.893407 0.298027 0.394034 0.869435 -0.298027 -0.337835 -0.897860 0.282338 -0.395998 -0.873768 -0.282338 0.155405 0.941822 0.298027 0.216844 0.929601 -0.298027 -0.156179 -0.946517 0.282338 -0.217925 -0.934234 -0.282338 -0.031322 0.954043 0.298027 0.031322 0.954043 -0.298027 0.031478 -0.958799 0.282338 -0.031478 -0.958799 -0.282338 -0.216844 0.929601 0.298027 -0.155405 0.941822 -0.298027 0.217925 -0.934234 0.282338 0.156179 -0.946517 -0.282338 -0.394034 0.869435 0.298027 -0.336159 0.893407 -0.298027 0.395998 -0.873768 0.282338 0.337835 -0.897860 -0.282338 -0.556081 0.775857 0.298027 -0.503995 0.810660 -0.298027 0.558853 -0.779724 0.282338 0.506507 -0.814700 -0.282338 -0.696758 0.652463 0.298027 -0.652463 0.696758 -0.298027 0.700231 -0.655715 0.282338 0.655715 -0.700231 -0.282338 -0.810660 0.503995 0.298027 -0.775857 0.556081 -0.298027 0.814700 -0.506507 0.282338 0.779724 -0.558853 -0.282338 -0.893407 0.336159 0.298027 -0.869435 0.394034 -0.298027 0.897860 -0.337835 0.282338 0.873768 -0.395998 -0.282338 -0.941822 0.155405 0.298027 -0.929601 0.216844 -0.298027 0.946517 -0.156179 0.282338 0.934234 -0.217925 -0.282338 -0.954043 -0.031322 0.298027 -0.954043 0.031322 -0.298027 0.958799 0.031478 0.282338 0.958799 -0.031478 -0.282338 -0.929601 -0.216844 0.298027 -0.941822 -0.155405 -0.298027 0.934234 0.217925 0.282338 0.946517 0.156179 -0.282338 -0.869435 -0.394034 0.298027 -0.893407 -0.336159 -0.298027 0.873768 0.395998 0.282338 0.897860 0.337835 -0.282338 -0.775857 -0.556081 0.298027 -0.810660 -0.503995 -0.298027 0.779724 0.558853 0.282338 0.814700 0.506507 -0.282338 -0.652463 -0.696758 0.298027 -0.696758 -0.652463 -0.298027 0.655715 0.700231 0.282338 0.700231 0.655715 -0.282338 -0.503995 -0.810660 0.298027 -0.556081 -0.775857 -0.298027 0.506507 0.814700 0.282338 0.558853 0.779724 -0.282338 -0.336159 -0.893407 0.298027 -0.394034 -0.869435 -0.298027 0.337835 0.897860 0.282338 0.395998 0.873768 -0.282338 -0.155405 -0.941822 0.298027 -0.216844 -0.929601 -0.298027 0.156179 0.946517 0.282338 0.217925 0.934234 -0.282338 0.031322 -0.954043 0.298027 -0.031322 -0.954043 -0.298027 -0.031478 0.958799 0.282338 0.031478 0.958799 -0.282338 0.216844 -0.929601 0.298027 0.155405 -0.941822 -0.298027 -0.217925 0.934234 0.282338 -0.156179 0.946517 -0.282338 0.394034 -0.869435 0.298027 0.336159 -0.893407 -0.298027 -0.395998 0.873768 0.282338 -0.337835 0.897860 -0.282338 0.556081 -0.775857 0.298027 0.503995 -0.810660 -0.298027 -0.558853 0.779724 0.282338 -0.506507 0.814700 -0.282338 0.696758 -0.652463 0.298027 0.652463 -0.696758 -0.298027 -0.700231 0.655715 0.282338 -0.655715 0.700231 -0.282338 0.810660 -0.503995 0.298027 0.775857 -0.556081 -0.298027 -0.814700 0.506507 0.282338 -0.779724 0.558853 -0.282338 0.893407 -0.336159 0.298027 0.869435 -0.394034 -0.298027 -0.897860 0.337835 0.282338 -0.873768 0.395998 -0.282338 0.941822 -0.155405 0.298027 0.929601 -0.216844 -0.298027 -0.946517 0.156179 0.282338 -0.934234 0.217925 -0.282338 0.263077 0.017443 -0.964617 0.263077 -0.017443 0.964617 0.236377 0.116791 -0.964617 0.249727 0.084560 0.964617 0.173690 0.198358 -0.964617 0.198358 0.173690 0.964617 0.084560 0.249727 -0.964617 0.116791 0.236377 0.964617 -0.017443 0.263077 -0.964617 0.017443 0.263077 0.964617 -0.116791 0.236377 -0.964617 -0.084560 0.249727 0.964617 -0.198358 0.173690 -0.964617 -0.173690 0.198358 0.964617 -0.249727 0.084560 -0.964617 -0.236377 0.116791 0.964617 -0.263077 -0.017443 -0.964617 -0.263077 0.017443 0.964617 -0.236377 -0.116791 -0.964617 -0.249727 -0.084560 0.964617 -0.173690 -0.198358 -0.964617 -0.198358 -0.173690 0.964617 -0.084560 -0.249727 -0.964617 -0.116791 -0.236377 0.964617 0.017443 -0.263077 -0.964617 -0.017443 -0.263077 0.964617 0.116791 -0.236377 -0.964617 0.084560 -0.249727 0.964617 0.198358 -0.173690 -0.964617 0.173690 -0.198358 0.964617 0.249727 -0.084560 -0.964617 0.236377 -0.116791 0.964617 0.000000 0.000000 1.000000 0.000000 0.000000 -1.000000 -0.488031 0.263975 -0.831952 -0.448716 0.330100 -0.830474 0.488031 -0.263975 -0.831952 0.448716 -0.330100 -0.830474 -0.291250 0.127606 0.948098 -0.681541 0.419142 0.599852 0.291250 -0.127606 0.948098 0.681541 -0.419142 0.599852 0.015407 -0.554634 -0.831952 -0.061517 -0.553650 -0.830474 -0.015407 0.554634 -0.831952 0.061517 0.553650 -0.830474 0.035115 -0.316033 0.948098 -0.022217 -0.799803 0.599852 -0.035115 0.316033 0.948098 0.022217 0.799803 0.599852 0.472624 0.290660 -0.831952 0.510233 0.223550 -0.830474 -0.472624 -0.290660 -0.831952 -0.510233 -0.223550 -0.830474 0.256135 0.188427 0.948098 0.703758 0.380661 0.599852 -0.256135 -0.188427 0.948098 -0.703758 -0.380661 0.599852 0.954043 0.031322 0.298027 0.954043 -0.031322 -0.298027 -0.958799 -0.031478 0.282338 -0.958799 0.031478 -0.282338 0.929601 0.216844 0.298027 0.941822 0.155405 -0.298027 -0.934234 -0.217925 0.282338 -0.946517 -0.156179 -0.282338 0.869435 0.394034 0.298027 0.893407 0.336159 -0.298027 -0.873768 -0.395998 0.282338 -0.897860 -0.337835 -0.282338 0.775857 0.556081 0.298027 0.810660 0.503995 -0.298027 -0.779724 -0.558853 0.282338 -0.814700 -0.506507 -0.282338 0.652463 0.696758 0.298027 0.696758 0.652463 -0.298027 -0.655715 -0.700231 0.282338 -0.700231 -0.655715 -0.282338 0.503995 0.810660 0.298027 0.556081 0.775857 -0.298027 -0.506507 -0.814700 0.282338 -0.558853 -0.779724 -0.282338 0.336159 0.893407 0.298027 0.394034 0.869435 -0.298027 -0.337835 -0.897860 0.282338 -0.395998 -0.873768 -0.282338 0.155405 0.941822 0.298027 0.216844 0.929601 -0.298027 -0.156179 -0.946517 0.282338 -0.217925 -0.934234 -0.282338 -0.031322 0.954043 0.298027 0.031322 0.954043 -0.298027 0.031478 -0.958799 0.282338 -0.031478 -0.958799 -0.282338 -0.216844 0.929601 0.298027 -0.155405 0.941822 -0.298027 0.217925 -0.934234 0.282338 0.156179 -0.946517 -0.282338 -0.394034 0.869435 0.298027 -0.336159 0.893407 -0.298027 0.395998 -0.873768 0.282338 0.337835 -0.897860 -0.282338 -0.556081 0.775857 0.298027 -0.503995 0.810660 -0.298027 0.558853 -0.779724 0.282338 0.506507 -0.814700 -0.282338 -0.696758 0.652463 0.298027 -0.652463 0.696758 -0.298027 0.700231 -0.655715 0.282338 0.655715 -0.700231 -0.282338 -0.810660 0.503995 0.298027 -0.775857 0.556081 -0.298027 0.814700 -0.506507 0.282338 0.779724 -0.558853 -0.282338 -0.893407 0.336159 0.298027 -0.869435 0.394034 -0.298027 0.897860 -0.337835 0.282338 0.873768 -0.395998 -0.282338 -0.941822 0.155405 0.298027 -0.929601 0.216844 -0.298027 0.946517 -0.156179 0.282338 0.934234 -0.217925 -0.282338 -0.954043 -0.031322 0.298027 -0.954043 0.031322 -0.298027 0.958799 0.031478 0.282338 0.958799 -0.031478 -0.282338 -0.929601 -0.216844 0.298027 -0.941822 -0.155405 -0.298027 0.934234 0.217925 0.282338 0.946517 0.156179 -0.282338 -0.869435 -0.394034 0.298027 -0.893407 -0.336159 -0.298027 0.873768 0.395998 0.282338 0.897860 0.337835 -0.282338 -0.775857 -0.556081 0.298027 -0.810660 -0.503995 -0.298027 0.779724 0.558853 0.282338 0.814700 0.506507 -0.282338 -0.652463 -0.696758 0.298027 -0.696758 -0.652463 -0.298027 0.655715 0.700231 0.282338 0.700231 0.655715 -0.282338 -0.503995 -0.810660 0.298027 -0.556081 -0.775857 -0.298027 0.506507 0.814700 0.282338 0.558853 0.779724 -0.282338 -0.336159 -0.893407 0.298027 -0.394034 -0.869435 -0.298027 0.337835 0.897860 0.282338 0.395998 0.873768 -0.282338 -0.155405 -0.941822 0.298027 -0.216844 -0.929601 -0.298027 0.156179 0.946517 0.282338 0.217925 0.934234 -0.282338 0.031322 -0.954043 0.298027 -0.031322 -0.954043 -0.298027 -0.031478 0.958799 0.282338 0.031478 0.958799 -0.282338 0.216844 -0.929601 0.298027 0.155405 -0.941822 -0.298027 -0.217925 0.934234 0.282338 -0.156179 0.946517 -0.282338 0.394034 -0.869435 0.298027 0.336159 -0.893407 -0.298027 -0.395998 0.873768 0.282338 -0.337835 0.897860 -0.282338 0.556081 -0.775857 0.298027 0.503995 -0.810660 -0.298027 -0.558853 0.779724 0.282338 -0.506507 0.814700 -0.282338 0.696758 -0.652463 0.298027 0.652463 -0.696758 -0.298027 -0.700231 0.655715 0.282338 -0.655715 0.700231 -0.282338 0.810660 -0.503995 0.298027 0.775857 -0.556081 -0.298027 -0.814700 0.506507 0.282338 -0.779724 0.558853 -0.282338 0.893407 -0.336159 0.298027 0.869435 -0.394034 -0.298027 -0.897860 0.337835 0.282338 -0.873768 0.395998 -0.282338 0.941822 -0.155405 0.298027 0.929601 -0.216844 -0.298027 -0.946517 0.156179 0.282338 -0.934234 0.217925 -0.282338 0.263077 0.017443 -0.964617 0.263077 -0.017443 0.964617 0.236377 0.116791 -0.964617 0.249727 0.084560 0.964617 0.173690 0.198358 -0.964617 0.198358 0.173690 0.964617 0.084560 0.249727 -0.964617 0.116791 0.236377 0.964617 -0.017443 0.263077 -0.964617 0.017443 0.263077 0.964617 -0.116791 0.236377 -0.964617 -0.084560 0.249727 0.964617 -0.198358 0.173690 -0.964617 -0.173690 0.198358 0.964617 -0.249727 0.084560 -0.964617 -0.236377 0.116791 0.964617 -0.263077 -0.017443 -0.964617 -0.263077 0.017443 0.964617 -0.236377 -0.116791 -0.964617 -0.249727 -0.084560 0.964617 -0.173690 -0.198358 -0.964617 -0.198358 -0.173690 0.964617 -0.084560 -0.249727 -0.964617 -0.116791 -0.236377 0.964617 0.017443 -0.263077 -0.964617 -0.017443 -0.263077 0.964617 0.116791 -0.236377 -0.964617 0.084560 -0.249727 0.964617 0.198358 -0.173690 -0.964617 0.173690 -0.198358 0.964617 0.249727 -0.084560 -0.964617 0.236377 -0.116791 0.964617 0.000000 0.000000 1.000000 0.000000 0.000000 -1.000000 -0.488031 0.263975 -0.831952 -0.448716 0.330100 -0.830474 0.488031 -0.263975 -0.831952 0.448716 -0.330100 -0.830474 -0.291250 0.127606 0.948098 -0.681541 0.419142 0.599852 0.291250 -0.127606 0.948098 0.681541 -0.419142 0.599852 0.015407 -0.554634 -0.831952 -0.061517 -0.553650 -0.830474 -0.015407 0.554634 -0.831952 0.061517 0.553650 -0.830474 0.035115 -0.316033 0.948098 -0.022217 -0.799803 0.599852 -0.035115 0.316033 0.948098 0.022217 0.799803 0.599852 0.472624 0.290660 -0.831952 0.510233 0.223550 -0.830474 -0.472624 -0.290660 -0.831952 -0.510233 -0.223550 -0.830474 0.256135 0.188427 0.948098 0.703758 0.380661 0.599852 -0.256135 -0.188427 0.948098 -0.703758 -0.380661 0.599852 0.954043 0.031322 0.298027 0.954043 -0.031322 -0.298027 -0.958799 -0.031478 0.282338 -0.958799 0.031478 -0.282338 0.929601 0.216844 0.298027 0.941822 0.155405 -0.298027 -0.934234 -0.217925 0.282338 -0.946517 -0.156179 -0.282338 0.869435 0.394034 0.298027 0.893407 0.336159 -0.298027 -0.873768 -0.395998 0.282338 -0.897860 -0.337835 -0.282338 0.775857 0.556081 0.298027 0.810660 0.503995 -0.298027 -0.779724 -0.558853 0.282338 -0.814700 -0.506507 -0.282338 0.652463 0.696758 0.298027 0.696758 0.652463 -0.298027 -0.655715 -0.700231 0.282338 -0.700231 -0.655715 -0.282338 0.503995 0.810660 0.298027 0.556081 0.775857 -0.298027 -0.506507 -0.814700 0.282338 -0.558853 -0.779724 -0.282338 0.336159 0.893407 0.298027 0.394034 0.869435 -0.298027 -0.337835 -0.897860 0.282338 -0.395998 -0.873768 -0.282338 0.155405 0.941822 0.298027 0.216844 0.929601 -0.298027 -0.156179 -0.946517 0.282338 -0.217925 -0.934234 -0.282338 -0.031322 0.954043 0.298027 0.031322 0.954043 -0.298027 0.031478 -0.958799 0.282338 -0.031478 -0.958799 -0.282338 -0.216844 0.929601 0.298027 -0.155405 0.941822 -0.298027 0.217925 -0.934234 0.282338 0.156179 -0.946517 -0.282338 -0.394034 0.869435 0.298027 -0.336159 0.893407 -0.298027 0.395998 -0.873768 0.282338 0.337835 -0.897860 -0.282338 -0.556081 0.775857 0.298027 -0.503995 0.810660 -0.298027 0.558853 -0.779724 0.282338 0.506507 -0.814700 -0.282338 -0.696758 0.652463 0.298027 -0.652463 0.696758 -0.298027 0.700231 -0.655715 0.282338 0.655715 -0.700231 -0.282338 -0.810660 0.503995 0.298027 -0.775857 0.556081 -0.298027 0.814700 -0.506507 0.282338 0.779724 -0.558853 -0.282338 -0.893407 0.336159 0.298027 -0.869435 0.394034 -0.298027 0.897860 -0.337835 0.282338 0.873768 -0.395998 -0.282338 -0.941822 0.155405 0.298027 -0.929601 0.216844 -0.298027 0.946517 -0.156179 0.282338 0.934234 -0.217925 -0.282338 -0.954043 -0.031322 0.298027 -0.954043 0.031322 -0.298027 0.958799 0.031478 0.282338 0.958799 -0.031478 -0.282338 -0.929601 -0.216844 0.298027 -0.941822 -0.155405 -0.298027 0.934234 0.217925 0.282338 0.946517 0.156179 -0.282338 -0.869435 -0.394034 0.298027 -0.893407 -0.336159 -0.298027 0.873768 0.395998 0.282338 0.897860 0.337835 -0.282338 -0.775857 -0.556081 0.298027 -0.810660 -0.503995 -0.298027 0.779724 0.558853 0.282338 0.814700 0.506507 -0.282338 -0.652463 -0.696758 0.298027 -0.696758 -0.652463 -0.298027 0.655715 0.700231 0.282338 0.700231 0.655715 -0.282338 -0.503995 -0.810660 0.298027 -0.556081 -0.775857 -0.298027 0.506507 0.814700 0.282338 0.558853 0.779724 -0.282338 -0.336159 -0.893407 0.298027 -0.394034 -0.869435 -0.298027 0.337835 0.897860 0.282338 0.395998 0.873768 -0.282338 -0.155405 -0.941822 0.298027 -0.216844 -0.929601 -0.298027 0.156179 0.946517 0.282338 0.217925 0.934234 -0.282338 0.031322 -0.954043 0.298027 -0.031322 -0.954043 -0.298027 -0.031478 0.958799 0.282338 0.031478 0.958799 -0.282338 0.216844 -0.929601 0.298027 0.155405 -0.941822 -0.298027 -0.217925 0.934234 0.282338 -0.156179 0.946517 -0.282338 0.394034 -0.869435 0.298027 0.336159 -0.893407 -0.298027 -0.395998 0.873768 0.282338 -0.337835 0.897860 -0.282338 0.556081 -0.775857 0.298027 0.503995 -0.810660 -0.298027 -0.558853 0.779724 0.282338 -0.506507 0.814700 -0.282338 0.696758 -0.652463 0.298027 0.652463 -0.696758 -0.298027 -0.700231 0.655715 0.282338 -0.655715 0.700231 -0.282338 0.810660 -0.503995 0.298027 0.775857 -0.556081 -0.298027 -0.814700 0.506507 0.282338 -0.779724 0.558853 -0.282338 0.893407 -0.336159 0.298027 0.869435 -0.394034 -0.298027 -0.897860 0.337835 0.282338 -0.873768 0.395998 -0.282338 0.941822 -0.155405 0.298027 0.929601 -0.216844 -0.298027 -0.946517 0.156179 0.282338 -0.934234 0.217925 -0.282338 0.263077 0.017443 -0.964617 0.263077 -0.017443 0.964617 0.236377 0.116791 -0.964617 0.249727 0.084560 0.964617 0.173690 0.198358 -0.964617 0.198358 0.173690 0.964617 0.084560 0.249727 -0.964617 0.116791 0.236377 0.964617 -0.017443 0.263077 -0.964617 0.017443 0.263077 0.964617 -0.116791 0.236377 -0.964617 -0.084560 0.249727 0.964617 -0.198358 0.173690 -0.964617 -0.173690 0.198358 0.964617 -0.249727 0.084560 -0.964617 -0.236377 0.116791 0.964617 -0.263077 -0.017443 -0.964617 -0.263077 0.017443 0.964617 -0.236377 -0.116791 -0.964617 -0.249727 -0.084560 0.964617 -0.173690 -0.198358 -0.964617 -0.198358 -0.173690 0.964617 -0.084560 -0.249727 -0.964617 -0.116791 -0.236377 0.964617 0.017443 -0.263077 -0.964617 -0.017443 -0.263077 0.964617 0.116791 -0.236377 -0.964617 0.084560 -0.249727 0.964617 0.198358 -0.173690 -0.964617 0.173690 -0.198358 0.964617 0.249727 -0.084560 -0.964617 0.236377 -0.116791 0.964617 0.000000 0.000000 1.000000 0.000000 0.000000 -1.000000 -0.488031 0.263975 -0.831952 -0.448716 0.330100 -0.830474 0.488031 -0.263975 -0.831952 0.448716 -0.330100 -0.830474 -0.291250 0.127606 0.948098 -0.681541 0.419142 0.599852 0.291250 -0.127606 0.948098 0.681541 -0.419142 0.599852 0.015407 -0.554634 -0.831952 -0.061517 -0.553650 -0.830474 -0.015407 0.554634 -0.831952 0.061517 0.553650 -0.830474 0.035115 -0.316033 0.948098 -0.022217 -0.799803 0.599852 -0.035115 0.316033 0.948098 0.022217 0.799803 0.599852 0.472624 0.290660 -0.831952 0.510233 0.223550 -0.830474 -0.472624 -0.290660 -0.831952 -0.510233 -0.223550 -0.830474 0.256135 0.188427 0.948098 0.703758 0.380661 0.599852 -0.256135 -0.188427 0.948098 -0.703758 -0.380661 0.599852 0.005829 0.038859 0.999228 -0.023309 0.038849 0.998973 -0.005829 -0.038859 0.999228 0.023309 -0.038849 0.998973 0.011664 0.019439 -0.999743 -0.011631 0.077538 -0.996922 -0.011664 -0.019439 -0.999743 0.011631 -0.077538 -0.996922 0.150085 0.097631 -0.983841 0.169596 0.064456 -0.983404 -0.150085 -0.097631 -0.983841 -0.169596 -0.064456 -0.983404 0.070006 0.059472 0.995772 0.301667 0.161172 0.939692 -0.070006 -0.059472 0.995772 -0.301667 -0.161172 0.939692 -0.145485 -0.104403 -0.983836 -0.167877 -0.069787 -0.983335 0.145485 0.104403 -0.983836 0.167877 0.069787 -0.983335 -0.066798 -0.063334 0.995754 -0.295084 -0.173011 0.939677 0.066798 0.063334 0.995754 0.295084 0.173011 0.939677 -0.157920 0.084372 -0.983841 -0.138272 0.117466 -0.983404 0.157920 -0.084372 -0.983841 0.138272 -0.117466 -0.983404 -0.085865 0.032633 0.995772 -0.286701 0.186499 0.939692 0.085865 -0.032633 0.995772 0.286701 -0.186499 0.939692 0.154476 -0.090571 -0.983836 0.131931 -0.125088 -0.983335 -0.154476 0.090571 -0.983836 -0.131931 0.125088 -0.983335 0.084999 -0.035334 0.995754 0.277909 -0.199434 0.939677 -0.084999 0.035334 0.995754 -0.277909 0.199434 0.939677 0.446809 0.042553 0.893617 -0.894224 0.021291 0.447112 -0.446809 -0.042553 0.893617 0.894224 -0.021291 0.447112 0.707007 0.016833 -0.707007 -0.705509 0.067191 -0.705509 -0.707007 -0.016833 -0.707007 0.705509 -0.067191 -0.705509 0.446809 0.042553 0.893617 -0.894224 0.021291 0.447112 -0.446809 -0.042553 0.893617 0.894224 -0.021291 0.447112 0.707007 0.016833 -0.707007 -0.705509 0.067191 -0.705509 -0.707007 -0.016833 -0.707007 0.705509 -0.067191 -0.705509 0.088045 0.704361 0.704361 -0.333333 0.666667 0.666667 -0.088045 -0.704361 0.704361 0.333333 -0.666667 0.666667 0.218218 0.436436 -0.872872 -0.111111 0.888889 -0.444444 -0.218218 -0.436436 -0.872872 0.111111 -0.888889 -0.444444 0.088045 0.704361 0.704361 -0.333333 0.666667 0.666667 -0.088045 -0.704361 0.704361 0.333333 -0.666667 0.666667 0.218218 0.436436 -0.872872 -0.111111 0.888889 -0.444444 -0.218218 -0.436436 -0.872872 0.111111 -0.888889 -0.444444 0.007887 0.042817 0.999052 -0.031534 0.042797 0.998586 -0.007887 -0.042817 0.999052 0.031534 -0.042797 0.998586 0.015784 0.021421 -0.999646 -0.015730 0.085391 -0.996223 -0.015784 -0.021421 -0.999646 0.015730 -0.085391 -0.996223 0.029827 0.994249 0.102853 -0.118522 0.987681 0.102174 -0.029827 -0.994249 0.102853 0.118522 -0.987681 0.102174 0.116708 0.972568 -0.201221 -0.029947 0.998217 -0.051632 -0.116708 -0.972568 -0.201221 0.029947 -0.998217 -0.051632 0.029827 0.994249 0.102853 -0.118522 0.987681 0.102174 -0.029827 -0.994249 0.102853 0.118522 -0.987681 0.102174 0.116708 0.972568 -0.201221 -0.029947 0.998217 -0.051632 -0.116708 -0.972568 -0.201221 0.029947 -0.998217 -0.051632</float_array>
          <technique_common>
            <accessor source="#CinewhoopFrame-normals-array" count="840" stride="3">
              <param name="X" type="float"/>
              <param name="Y" type="float"/>
              <param name="Z" type="float"/>
            </accessor>
          </technique_common>
        </source>
        <source id="CinewhoopFrame-uvs">
          <float_array id="CinewhoopFrame-uvs-array" count="1680">0.840000 0.185714 0.840000 0.185714 0.854286 0.185714 0.854286 0.185714 0.837035 0.215814 0.837035 0.215814 0.851047 0.218601 0.851047 0.218601 0.828256 0.244757 0.828256 0.244757 0.841454 0.250224 0.841454 0.250224 0.813998 0.271431 0.813998 0.271431 0.825876 0.279368 0.825876 0.279368 0.794811 0.294811 0.794811 0.294811 0.804912 0.304912 0.804912 0.304912 0.771431 0.313998 0.771431 0.313998 0.779368 0.325876 0.779368 0.325876 0.744757 0.328256 0.744757 0.328256 0.750224 0.341454 0.750224 0.341454 0.715814 0.337035 0.715814 0.337035 0.718601 0.351047 0.718601 0.351047 0.685714 0.340000 0.685714 0.340000 0.685714 0.354286 0.685714 0.354286 0.655615 0.337035 0.655615 0.337035 0.652828 0.351047 0.652828 0.351047 0.626672 0.328256 0.626672 0.328256 0.621205 0.341454 0.621205 0.341454 0.599998 0.313998 0.599998 0.313998 0.592061 0.325876 0.592061 0.325876 0.576618 0.294811 0.576618 0.294811 0.566516 0.304912 0.566516 0.304912 0.557430 0.271431 0.557430 0.271431 0.545552 0.279368 0.545552 0.279368 0.543173 0.244757 0.543173 0.244757 0.529975 0.250224 0.529975 0.250224 0.534393 0.215814 0.534393 0.215814 0.520382 0.218601 0.520382 0.218601 0.531429 0.185714 0.531429 0.185714 0.517143 0.185714 0.517143 0.185714 0.534393 0.155615 0.534393 0.155615 0.520382 0.152828 0.520382 0.152828 0.543173 0.126672 0.543173 0.126672 0.529975 0.121205 0.529975 0.121205 0.557430 0.099998 0.557430 0.099998 0.545552 0.092061 0.545552 0.092061 0.576618 0.076618 0.576618 0.076618 0.566516 0.066516 0.566516 0.066516 0.599998 0.057430 0.599998 0.057430 0.592061 0.045552 0.592061 0.045552 0.626672 0.043173 0.626672 0.043173 0.621205 0.029975 0.621205 0.029975 0.655615 0.034393 0.655615 0.034393 0.652828 0.020382 0.652828 0.020382 0.685714 0.031429 0.685714 0.031429 0.685714 0.017143 0.685714 0.017143 0.715814 0.034393 0.715814 0.034393 0.718601 0.020382 0.718601 0.020382 0.744757 0.043173 0.744757 0.043173 0.750224 0.029975 0.750224 0.029975 0.771431 0.057430 0.771431 0.057430 0.779368 0.045552 0.779368 0.045552 0.794811 0.076618 0.794811 0.076618 0.804912 0.066516 0.804912 0.066516 0.813998 0.099998 0.813998 0.099998 0.825876 0.092061 0.825876 0.092061 0.828256 0.126672 0.828256 0.126672 0.841454 0.121205 0.841454 0.121205 0.837035 0.155615 0.837035 0.155615 0.851047 0.152828 0.851047 0.152828 0.717143 0.185714 0.717143 0.185714 0.714750 0.197741 0.714750 0.197741 0.707938 0.207938 0.707938 0.207938 0.697741 0.214750 0.697741 0.214750 0.685714 0.217143 0.685714 0.217143 0.673687 0.214750 0.673687 0.214750 0.663491 0.207938 0.663491 0.207938 0.656678 0.197741 0.656678 0.197741 0.654286 0.185714 0.654286 0.185714 0.656678 0.173687 0.656678 0.173687 0.663491 0.163491 0.663491 0.163491 0.673687 0.156678 0.673687 0.156678 0.685714 0.154286 0.685714 0.154286 0.697741 0.156678 0.697741 0.156678 0.707938 0.163491 0.707938 0.163491 0.714750 0.173687 0.714750 0.173687 0.685714 0.185714 0.685714 0.185714 0.682003 0.187857 0.759146 0.321472 0.766569 0.317187 0.689426 0.183571 0.682003 0.187857 0.759146 0.321472 0.766569 0.317187 0.689426 0.183571 0.685714 0.181429 0.531429 0.181429 0.531429 0.190000 0.685714 0.190000 0.685714 0.181429 0.531429 0.181429 0.531429 0.190000 0.685714 0.190000 0.689426 0.187857 0.766569 0.054242 0.759146 0.049956 0.682003 0.183571 0.689426 0.187857 0.766569 0.054242 0.759146 0.049956 0.682003 0.183571 0.468571 0.785714 0.468571 0.785714 0.482857 0.785714 0.482857 0.785714 0.465607 0.815814 0.465607 0.815814 0.479618 0.818601 0.479618 0.818601 0.456827 0.844757 0.456827 0.844757 0.470025 0.850224 0.470025 0.850224 0.442570 0.871431 0.442570 0.871431 0.454448 0.879368 0.454448 0.879368 0.423382 0.894811 0.423382 0.894811 0.433484 0.904912 0.433484 0.904912 0.400002 0.913998 0.400002 0.913998 0.407939 0.925876 0.407939 0.925876 0.373328 0.928256 0.373328 0.928256 0.378795 0.941454 0.378795 0.941454 0.344385 0.937035 0.344385 0.937035 0.347172 0.951047 0.347172 0.951047 0.314286 0.940000 0.314286 0.940000 0.314286 0.954286 0.314286 0.954286 0.284186 0.937035 0.284186 0.937035 0.281399 0.951047 0.281399 0.951047 0.255243 0.928256 0.255243 0.928256 0.249776 0.941454 0.249776 0.941454 0.228569 0.913998 0.228569 0.913998 0.220632 0.925876 0.220632 0.925876 0.205189 0.894811 0.205189 0.894811 0.195088 0.904912 0.195088 0.904912 0.186002 0.871431 0.186002 0.871431 0.174124 0.879368 0.174124 0.879368 0.171744 0.844757 0.171744 0.844757 0.158546 0.850224 0.158546 0.850224 0.162965 0.815814 0.162965 0.815814 0.148953 0.818601 0.148953 0.818601 0.160000 0.785714 0.160000 0.785714 0.145714 0.785714 0.145714 0.785714 0.162965 0.755615 0.162965 0.755615 0.148953 0.752828 0.148953 0.752828 0.171744 0.726672 0.171744 0.726672 0.158546 0.721205 0.158546 0.721205 0.186002 0.699998 0.186002 0.699998 0.174124 0.692061 0.174124 0.692061 0.205189 0.676618 0.205189 0.676618 0.195088 0.666516 0.195088 0.666516 0.228569 0.657430 0.228569 0.657430 0.220632 0.645552 0.220632 0.645552 0.255243 0.643173 0.255243 0.643173 0.249776 0.629975 0.249776 0.629975 0.284186 0.634393 0.284186 0.634393 0.281399 0.620382 0.281399 0.620382 0.314286 0.631429 0.314286 0.631429 0.314286 0.617143 0.314286 0.617143 0.344385 0.634393 0.344385 0.634393 0.347172 0.620382 0.347172 0.620382 0.373328 0.643173 0.373328 0.643173 0.378795 0.629975 0.378795 0.629975 0.400002 0.657430 0.400002 0.657430 0.407939 0.645552 0.407939 0.645552 0.423382 0.676618 0.423382 0.676618 0.433484 0.666516 0.433484 0.666516 0.442570 0.699998 0.442570 0.699998 0.454448 0.692061 0.454448 0.692061 0.456827 0.726672 0.456827 0.726672 0.470025 0.721205 0.470025 0.721205 0.465607 0.755615 0.465607 0.755615 0.479618 0.752828 0.479618 0.752828 0.345714 0.785714 0.345714 0.785714 0.343322 0.797741 0.343322 0.797741 0.336509 0.807938 0.336509 0.807938 0.326313 0.814750 0.326313 0.814750 0.314286 0.817143 0.314286 0.817143 0.302259 0.814750 0.302259 0.814750 0.292062 0.807938 0.292062 0.807938 0.285250 0.797741 0.285250 0.797741 0.282857 0.785714 0.282857 0.785714 0.285250 0.773687 0.285250 0.773687 0.292062 0.763491 0.292062 0.763491 0.302259 0.756678 0.302259 0.756678 0.314286 0.754286 0.314286 0.754286 0.326313 0.756678 0.326313 0.756678 0.336509 0.763491 0.336509 0.763491 0.343322 0.773687 0.343322 0.773687 0.314286 0.785714 0.314286 0.785714 0.310574 0.787857 0.387717 0.921472 0.395140 0.917187 0.317997 0.783571 0.310574 0.787857 0.387717 0.921472 0.395140 0.917187 0.317997 0.783571 0.314286 0.781429 0.160000 0.781429 0.160000 0.790000 0.314286 0.790000 0.314286 0.781429 0.160000 0.781429 0.160000 0.790000 0.314286 0.790000 0.317997 0.787857 0.395140 0.654242 0.387717 0.649956 0.310574 0.783571 0.317997 0.787857 0.395140 0.654242 0.387717 0.649956 0.310574 0.783571 0.840000 0.814286 0.840000 0.814286 0.854286 0.814286 0.854286 0.814286 0.837035 0.844385 0.837035 0.844385 0.851047 0.847172 0.851047 0.847172 0.828256 0.873328 0.828256 0.873328 0.841454 0.878795 0.841454 0.878795 0.813998 0.900002 0.813998 0.900002 0.825876 0.907939 0.825876 0.907939 0.794811 0.923382 0.794811 0.923382 0.804912 0.933484 0.804912 0.933484 0.771431 0.942570 0.771431 0.942570 0.779368 0.954448 0.779368 0.954448 0.744757 0.956827 0.744757 0.956827 0.750224 0.970025 0.750224 0.970025 0.715814 0.965607 0.715814 0.965607 0.718601 0.979618 0.718601 0.979618 0.685714 0.968571 0.685714 0.968571 0.685714 0.982857 0.685714 0.982857 0.655615 0.965607 0.655615 0.965607 0.652828 0.979618 0.652828 0.979618 0.626672 0.956827 0.626672 0.956827 0.621205 0.970025 0.621205 0.970025 0.599998 0.942570 0.599998 0.942570 0.592061 0.954448 0.592061 0.954448 0.576618 0.923382 0.576618 0.923382 0.566516 0.933484 0.566516 0.933484 0.557430 0.900002 0.557430 0.900002 0.545552 0.907939 0.545552 0.907939 0.543173 0.873328 0.543173 0.873328 0.529975 0.878795 0.529975 0.878795 0.534393 0.844385 0.534393 0.844385 0.520382 0.847172 0.520382 0.847172 0.531429 0.814286 0.531429 0.814286 0.517143 0.814286 0.517143 0.814286 0.534393 0.784186 0.534393 0.784186 0.520382 0.781399 0.520382 0.781399 0.543173 0.755243 0.543173 0.755243 0.529975 0.749776 0.529975 0.749776 0.557430 0.728569 0.557430 0.728569 0.545552 0.720632 0.545552 0.720632 0.576618 0.705189 0.576618 0.705189 0.566516 0.695088 0.566516 0.695088 0.599998 0.686002 0.599998 0.686002 0.592061 0.674124 0.592061 0.674124 0.626672 0.671744 0.626672 0.671744 0.621205 0.658546 0.621205 0.658546 0.655615 0.662965 0.655615 0.662965 0.652828 0.648953 0.652828 0.648953 0.685714 0.660000 0.685714 0.660000 0.685714 0.645714 0.685714 0.645714 0.715814 0.662965 0.715814 0.662965 0.718601 0.648953 0.718601 0.648953 0.744757 0.671744 0.744757 0.671744 0.750224 0.658546 0.750224 0.658546 0.771431 0.686002 0.771431 0.686002 0.779368 0.674124 0.779368 0.674124 0.794811 0.705189 0.794811 0.705189 0.804912 0.695088 0.804912 0.695088 0.813998 0.728569 0.813998 0.728569 0.825876 0.720632 0.825876 0.720632 0.828256 0.755243 0.828256 0.755243 0.841454 0.749776 0.841454 0.749776 0.837035 0.784186 0.837035 0.784186 0.851047 0.781399 0.851047 0.781399 0.717143 0.814286 0.717143 0.814286 0.714750 0.826313 0.714750 0.826313 0.707938 0.836509 0.707938 0.836509 0.697741 0.843322 0.697741 0.843322 0.685714 0.845714 0.685714 0.845714 0.673687 0.843322 0.673687 0.843322 0.663491 0.836509 0.663491 0.836509 0.656678 0.826313 0.656678 0.826313 0.654286 0.814286 0.654286 0.814286 0.656678 0.802259 0.656678 0.802259 0.663491 0.792062 0.663491 0.792062 0.673687 0.785250 0.673687 0.785250 0.685714 0.782857 0.685714 0.782857 0.697741 0.785250 0.697741 0.785250 0.707938 0.792062 0.707938 0.792062 0.714750 0.802259 0.714750 0.802259 0.685714 0.814286 0.685714 0.814286 0.682003 0.816429 0.759146 0.950044 0.766569 0.945758 0.689426 0.812143 0.682003 0.816429 0.759146 0.950044 0.766569 0.945758 0.689426 0.812143 0.685714 0.810000 0.531429 0.810000 0.531429 0.818571 0.685714 0.818571 0.685714 0.810000 0.531429 0.810000 0.531429 0.818571 0.685714 0.818571 0.689426 0.816429 0.766569 0.682813 0.759146 0.678528 0.682003 0.812143 0.689426 0.816429 0.766569 0.682813 0.759146 0.678528 0.682003 0.812143 0.468571 0.214286 0.468571 0.214286 0.482857 0.214286 0.482857 0.214286 0.465607 0.244385 0.465607 0.244385 0.479618 0.247172 0.479618 0.247172 0.456827 0.273328 0.456827 0.273328 0.470025 0.278795 0.470025 0.278795 0.442570 0.300002 0.442570 0.300002 0.454448 0.307939 0.454448 0.307939 0.423382 0.323382 0.423382 0.323382 0.433484 0.333484 0.433484 0.333484 0.400002 0.342570 0.400002 0.342570 0.407939 0.354448 0.407939 0.354448 0.373328 0.356827 0.373328 0.356827 0.378795 0.370025 0.378795 0.370025 0.344385 0.365607 0.344385 0.365607 0.347172 0.379618 0.347172 0.379618 0.314286 0.368571 0.314286 0.368571 0.314286 0.382857 0.314286 0.382857 0.284186 0.365607 0.284186 0.365607 0.281399 0.379618 0.281399 0.379618 0.255243 0.356827 0.255243 0.356827 0.249776 0.370025 0.249776 0.370025 0.228569 0.342570 0.228569 0.342570 0.220632 0.354448 0.220632 0.354448 0.205189 0.323382 0.205189 0.323382 0.195088 0.333484 0.195088 0.333484 0.186002 0.300002 0.186002 0.300002 0.174124 0.307939 0.174124 0.307939 0.171744 0.273328 0.171744 0.273328 0.158546 0.278795 0.158546 0.278795 0.162965 0.244385 0.162965 0.244385 0.148953 0.247172 0.148953 0.247172 0.160000 0.214286 0.160000 0.214286 0.145714 0.214286 0.145714 0.214286 0.162965 0.184186 0.162965 0.184186 0.148953 0.181399 0.148953 0.181399 0.171744 0.155243 0.171744 0.155243 0.158546 0.149776 0.158546 0.149776 0.186002 0.128569 0.186002 0.128569 0.174124 0.120632 0.174124 0.120632 0.205189 0.105189 0.205189 0.105189 0.195088 0.095088 0.195088 0.095088 0.228569 0.086002 0.228569 0.086002 0.220632 0.074124 0.220632 0.074124 0.255243 0.071744 0.255243 0.071744 0.249776 0.058546 0.249776 0.058546 0.284186 0.062965 0.284186 0.062965 0.281399 0.048953 0.281399 0.048953 0.314286 0.060000 0.314286 0.060000 0.314286 0.045714 0.314286 0.045714 0.344385 0.062965 0.344385 0.062965 0.347172 0.048953 0.347172 0.048953 0.373328 0.071744 0.373328 0.071744 0.378795 0.058546 0.378795 0.058546 0.400002 0.086002 0.400002 0.086002 0.407939 0.074124 0.407939 0.074124 0.423382 0.105189 0.423382 0.105189 0.433484 0.095088 0.433484 0.095088 0.442570 0.128569 0.442570 0.128569 0.454448 0.120632 0.454448 0.120632 0.456827 0.155243 0.456827 0.155243 0.470025 0.149776 0.470025 0.149776 0.465607 0.184186 0.465607 0.184186 0.479618 0.181399 0.479618 0.181399 0.345714 0.214286 0.345714 0.214286 0.343322 0.226313 0.343322 0.226313 0.336509 0.236509 0.336509 0.236509 0.326313 0.243322 0.326313 0.243322 0.314286 0.245714 0.314286 0.245714 0.302259 0.243322 0.302259 0.243322 0.292062 0.236509 0.292062 0.236509 0.285250 0.226313 0.285250 0.226313 0.282857 0.214286 0.282857 0.214286 0.285250 0.202259 0.285250 0.202259 0.292062 0.192062 0.292062 0.192062 0.302259 0.185250 0.302259 0.185250 0.314286 0.182857 0.314286 0.182857 0.326313 0.185250 0.326313 0.185250 0.336509 0.192062 0.336509 0.192062 0.343322 0.202259 0.343322 0.202259 0.314286 0.214286 0.314286 0.214286 0.310574 0.216429 0.387717 0.350044 0.395140 0.345758 0.317997 0.212143 0.310574 0.216429 0.387717 0.350044 0.395140 0.345758 0.317997 0.212143 0.314286 0.210000 0.160000 0.210000 0.160000 0.218571 0.314286 0.218571 0.314286 0.210000 0.160000 0.210000 0.160000 0.218571 0.314286 0.218571 0.317997 0.216429 0.395140 0.082813 0.387717 0.078528 0.310574 0.212143 0.317997 0.216429 0.395140 0.082813 0.387717 0.078528 0.310574 0.212143 0.285714 0.435714 0.714286 0.435714 0.714286 0.564286 0.285714 0.564286 0.285714 0.435714 0.714286 0.435714 0.714286 0.564286 0.285714 0.564286 0.513529 0.507994 0.699243 0.193709 0.672185 0.177720 0.486471 0.492006 0.513529 0.507994 0.699243 0.193709 0.672185 0.177720 0.486471 0.492006 0.486824 0.491436 0.301110 0.777150 0.327461 0.794278 0.513176 0.508564 0.486824 0.491436 0.301110 0.777150 0.327461 0.794278 0.513176 0.508564 0.486471 0.507994 0.672185 0.822280 0.699243 0.806291 0.513529 0.492006 0.486471 0.507994 0.672185 0.822280 0.699243 0.806291 0.513529 0.492006 0.513176 0.491436 0.327461 0.205722 0.301110 0.222850 0.486824 0.508564 0.513176 0.491436 0.327461 0.205722 0.301110 0.222850 0.486824 0.508564 0.678571 0.350000 0.692857 0.350000 0.692857 0.650000 0.678571 0.650000 0.678571 0.350000 0.692857 0.350000 0.692857 0.650000 0.678571 0.650000 0.307143 0.350000 0.321429 0.350000 0.321429 0.650000 0.307143 0.650000 0.307143 0.350000 0.321429 0.350000 0.321429 0.650000 0.307143 0.650000 0.471429 0.192857 0.528571 0.192857 0.528571 0.207143 0.471429 0.207143 0.471429 0.192857 0.528571 0.192857 0.528571 0.207143 0.471429 0.207143 0.471429 0.792857 0.528571 0.792857 0.528571 0.807143 0.471429 0.807143 0.471429 0.792857 0.528571 0.792857 0.528571 0.807143 0.471429 0.807143 0.357143 0.450000 0.628571 0.450000 0.628571 0.550000 0.357143 0.550000 0.357143 0.450000 0.628571 0.450000 0.628571 0.550000 0.357143 0.550000 0.642857 0.525714 0.714286 0.525714 0.714286 0.530000 0.642857 0.530000 0.642857 0.525714 0.714286 0.525714 0.714286 0.530000 0.642857 0.530000 0.642857 0.470000 0.714286 0.470000 0.714286 0.474286 0.642857 0.474286 0.642857 0.470000 0.714286 0.470000 0.714286 0.474286 0.642857 0.474286</float_array>
          <technique_common>
            <accessor source="#CinewhoopFrame-uvs-array" count="840" stride="2">
              <param name="S" type="float"/>
              <param name="T" type="float"/>
            </accessor>
          </technique_common>
        </source>
        <vertices id="CinewhoopFrame-vertices">
          <input semantic="POSITION" source="#CinewhoopFrame-positions"/>
        </vertices>
        <polylist count="1568">
          <input semantic="VERTEX" source="#CinewhoopFrame-vertices" offset="0"/>
          <input semantic="NORMAL" source="#CinewhoopFrame-normals" offset="1"/>
          <input semantic="TEXCOORD" source="#CinewhoopFrame-uvs" offset="2" set="0"/>
          <vcount>3 3 3 3 3 3 3 3 3 3 3 3 3 3 3 3 3 3 3 3 3 3 3 3 3 3 3 3 3 3 3 3 3 3 3 3 3 3 3 3 3 3 3 3 3 3 3 3 3 3 3 3 3 3 3 3 3 3 3 3 3 3 3 3 3 3 3 3 3 3 3 3 3 3 3 3 3 3 3 3 3 3 3 3 3 3 3 3 3 3 3 3 3 3 3 3 3 3 3 3 3 3 3 3 3 3 3 3 3 3 3 3 3 3 3 3 3 3 3 3 3 3 3 3 3 3 3 3 3 3 3 3 3 3 3 3 3 3 3 3 3 3 3 3 3 3 3 3 3 3 3 3 3 3 3 3 3 3 3 3 3 3 3 3 3 3 3 3 3 3 3 3 3 3 3 3 3 3 3 3 3 3 3 3 3 3 3 3 3 3 3 3 3 3 3 3 3 3 3 3 3 3 3 3 3 3 3 3 3 3 3 3 3 3 3 3 3 3 3 3 3 3 3 3 3 3 3 3 3 3 3 3 3 3 3 3 3 3 3 3 3 3 3 3 3 3 3 3 3 3 3 3 3 3 3 3 3 3 3 3 3 3 3 3 3 3 3 3 3 3 3 3 3 3 3 3 3 3 3 3 3 3 3 3 3 3 3 3 3 3 3 3 3 3 3 3 3 3 3 3 3 3 3 3 3 3 3 3 3 3 3 3 3 3 3 3 3 3 3 3 3 3 3 3 3 3 3 3 3 3 3 3 3 3 3 3 3 3 3 3 3 3 3 3 3 3 3 3 3 3 3 3 3 3 3 3 3 3 3 3 3 3 3 3 3 3 3 3 3 3 3 3 3 3 3 3 3 3 3 3 3 3 3 3 3 3 3 3 3 3 3 3 3 3 3 3 3 3 3 3 3 3 3 3 3 3 3 3 3 3 3 3 3 3 3 3 3 3 3 3 3 3 3 3 3 3 3 3 3 3 3 3 3 3 3 3 3 3 3 3 3 3 3 3 3 3 3 3 3 3 3 3 3 3 3 3 3 3 3 3 3 3 3 3 3 3 3 3 3 3 3 3 3 3 3 3 3 3 3 3 3 3 3 3 3 3 3 3 3 3 3 3 3 3 3 3 3 3 3 3 3 3 3 3 3 3 3 3 3 3 3 3 3 3 3 3 3 3 3 3 3 3 3 3 3 3 3 3 3 3 3 3 3 3 3 3 3 3 3 3 3 3 3 3 3 3 3 3 3 3 3 3 3 3 3 3 3 3 3 3 3 3 3 3 3 3 3 3 3 3 3 3 3 3 3 3 3 3 3 3 3 3 3 3 3 3 3 3 3 3 3 3 3 3 3 3 3 3 3 3 3 3 3 3 3 3 3 3 3 3 3 3 3 3 3 3 3 3 3 3 3 3 3 3 3 3 3 3 3 3 3 3 3 3 3 3 3 3 3 3 3 3 3 3 3 3 3 3 3 3 3 3 3 3 3 3 3 3 3 3 3 3 3 3 3 3 3 3 3 3 3 3 3 3 3 3 3 3 3 3 3 3 3 3 3 3 3 3 3 3 3 3 3 3 3 3 3 3 3 3 3 3 3 3 3 3 3 3 3 3 3 3 3 3 3 3 3 3 3 3 3 3 3 3 3 3 3 3 3 3 3 3 3 3 3 3 3 3 3 3 3 3 3 3 3 3 3 3 3 3 3 3 3 3 3 3 3 3 3 3 3 3 3 3 3 3 3 3 3 3 3 3 3 3 3 3 3 3 3 3 3 3 3 3 3 3 3 3 3 3 3 3 3 3 3 3 3 3 3 3 3 3 3 3 3 3 3 3 3 3 3 3 3 3 3 3 3 3 3 3 3 3 3 3 3 3 3 3 3 3 3 3 3 3 3 3 3 3 3 3 3 3 3 3 3 3 3 3 3 3 3 3 3 3 3 3 3 3 3 3 3 3 3 3 3 3 3 3 3 3 3 3 3 3 3 3 3 3 3 3 3 3 3 3 3 3 3 3 3 3 3 3 3 3 3 3 3 3 3 3 3 3 3 3 3 3 3 3 3 3 3 3 3 3 3 3 3 3 3 3 3 3 3 3 3 3 3 3 3 3 3 3 3 3 3 3 3 3 3 3 3 3 3 3 3 3 3 3 3 3 3 3 3 3 3 3 3 3 3 3 3 3 3 3 3 3 3 3 3 3 3 3 3 3 3 3 3 3 3 3 3 3 3 3 3 3 3 3 3 3 3 3 3 3 3 3 3 3 3 3 3 3 3 3 3 3 3 3 3 3 3 3 3 3 3 3 3 3 3 3 3 3 3 3 3 3 3 3 3 3 3 3 3 3 3 3 3 3 3 3 3 3 3 3 3 3 3 3 3 3 3 3 3 3 3 3 3 3 3 3 3 3 3 3 3 3 3 3 3 3 3 3 3 3 3 3 3 3 3 3 3 3 3 3 3 3 3 3 3 3 3 3 3 3 3 3 3 3 3 3 3 3 3 3 3 3 3 3 3 3 3 3 3 3 3 3 3 3 3 3 3 3 3 3 3 3 3 3 3 3 3 3 3 3 3 3 3 3 3 3 3 3 3 3 3 3 3 3 3 3 3 3 3 3 3 3 3 3 3 3 3 3 3 3 3 3 3 3 3 3 3 3 3 3 3 3 3 3 3 3 3 3 3 3 3 3 3 3 3 3 3 3 3 3 3 3 3 3 3 3 3 3 3 3 3 3 3 3 3 3 3 3 3 3 3 3 3 3 3 3 3 3 3 3 3 3 3 3 3 3 3 3 3 3 3 3 3 3 3 3 3 3 3 3 3 3 3 3 3 3 3 3 3 3 3 3 3 3 3 3 3 3 3 3 3 3 3 3 3 3 3 3 3 3 3 3 3 3 3 3 3 3 3 3 3 3 3 3 3 3 3 3 3 3 3 3 3 3 3 3 3 3 3 3 3 3 3 3 3 3 3 3 3 3 3 3 3 3 3 3 3 3 3 3 3 3 3 3 3 3 3 3 3 3 3 3 3 3 3 3 3 3 3 3 3 3 3 3 3 3 3 3 3 3 3 3 3 3 3 3 3 3 3 3 3 3 3 3 3 3 3 3 3 3 3 3 3 3 3 3 3 3 3 3 3 3 3 3 3 3 3 3 3 3 3 3 3 3 3 3 3 3 3 3 3 3 3 3 3 3 3 3 3 3 3 3 3 3 3 3 3 3 3 3 3 3 3 3 3 3 3 3 3 3 3 3 3 3 3 3 3 3 3 3 3 3 3 3 3 3 3 3 3 3 3 3 3 3 3 3 3 3 3 3 3 3 3 3 3 3 3 3 3 3 3 3 3 3 3 3 3 3 3 3 3 3 3 3 3 3 3 3 3 3 3 3 3 3 3 3 3 3 3 3 3 3 3 3 3 3 3 3 3 3 3 3 3 3 3 3 3 3 3 3 3 3 3 3 3 3 3 3 3 3 3 3 3 3 3 3 3 3 3 3 3 3 3 3 3 3 3 3 3 3 3 3 3 3 3 3 3 3 3 3 3 3 3 3</vcount>
          <p>0 0 0 5 5 5 1 1 1 0 0 0 4 4 4 5 5 5 2 2 2 3 3 3 7 7 7 2 2 2 7 7 7 6 6 6 1 1 1 5 5 5 7 7 7 1 1 1 7 7 7 3 3 3 0 0 0 2 2 2 6 6 6 0 0 0 6 6 6 4 4 4 4 4 4 9 9 9 5 5 5 4 4 4 8 8 8 9 9 9 6 6 6 7 7 7 11 11 11 6 6 6 11 11 11 10 10 10 5 5 5 9 9 9 11 11 11 5 5 5 11 11 11 7 7 7 4 4 4 6 6 6 10 10 10 4 4 4 10 10 10 8 8 8 8 8 8 13 13 13 9 9 9 8 8 8 12 12 12 13 13 13 10 10 10 11 11 11 15 15 15 10 10 10 15 15 15 14 14 14 9 9 9 13 13 13 15 15 15 9 9 9 15 15 15 11 11 11 8 8 8 10 10 10 14 14 14 8 8 8 14 14 14 12 12 12 12 12 12 17 17 17 13 13 13 12 12 12 16 16 16 17 17 17 14 14 14 15 15 15 19 19 19 14 14 14 19 19 19 18 18 18 13 13 13 17 17 17 19 19 19 13 13 13 19 19 19 15 15 15 12 12 12 14 14 14 18 18 18 12 12 12 18 18 18 16 16 16 16 16 16 21 21 21 17 17 17 16 16 16 20 20 20 21 21 21 18 18 18 19 19 19 23 23 23 18 18 18 23 23 23 22 22 22 17 17 17 21 21 21 23 23 23 17 17 17 23 23 23 19 19 19 16 16 16 18 18 18 22 22 22 16 16 16 22 22 22 20 20 20 20 20 20 25 25 25 21 21 21 20 20 20 24 24 24 25 25 25 22 22 22 23 23 23 27 27 27 22 22 22 27 27 27 26 26 26 21 21 21 25 25 25 27 27 27 21 21 21 27 27 27 23 23 23 20 20 20 22 22 22 26 26 26 20 20 20 26 26 26 24 24 24 24 24 24 29 29 29 25 25 25 24 24 24 28 28 28 29 29 29 26 26 26 27 27 27 31 31 31 26 26 26 31 31 31 30 30 30 25 25 25 29 29 29 31 31 31 25 25 25 31 31 31 27 27 27 24 24 24 26 26 26 30 30 30 24 24 24 30 30 30 28 28 28 28 28 28 33 33 33 29 29 29 28 28 28 32 32 32 33 33 33 30 30 30 31 31 31 35 35 35 30 30 30 35 35 35 34 34 34 29 29 29 33 33 33 35 35 35 29 29 29 35 35 35 31 31 31 28 28 28 30 30 30 34 34 34 28 28 28 34 34 34 32 32 32 32 32 32 37 37 37 33 33 33 32 32 32 36 36 36 37 37 37 34 34 34 35 35 35 39 39 39 34 34 34 39 39 39 38 38 38 33 33 33 37 37 37 39 39 39 33 33 33 39 39 39 35 35 35 32 32 32 34 34 34 38 38 38 32 32 32 38 38 38 36 36 36 36 36 36 41 41 41 37 37 37 36 36 36 40 40 40 41 41 41 38 38 38 39 39 39 43 43 43 38 38 38 43 43 43 42 42 42 37 37 37 41 41 41 43 43 43 37 37 37 43 43 43 39 39 39 36 36 36 38 38 38 42 42 42 36 36 36 42 42 42 40 40 40 40 40 40 45 45 45 41 41 41 40 40 40 44 44 44 45 45 45 42 42 42 43 43 43 47 47 47 42 42 42 47 47 47 46 46 46 41 41 41 45 45 45 47 47 47 41 41 41 47 47 47 43 43 43 40 40 40 42 42 42 46 46 46 40 40 40 46 46 46 44 44 44 44 44 44 49 49 49 45 45 45 44 44 44 48 48 48 49 49 49 46 46 46 47 47 47 51 51 51 46 46 46 51 51 51 50 50 50 45 45 45 49 49 49 51 51 51 45 45 45 51 51 51 47 47 47 44 44 44 46 46 46 50 50 50 44 44 44 50 50 50 48 48 48 48 48 48 53 53 53 49 49 49 48 48 48 52 52 52 53 53 53 50 50 50 51 51 51 55 55 55 50 50 50 55 55 55 54 54 54 49 49 49 53 53 53 55 55 55 49 49 49 55 55 55 51 51 51 48 48 48 50 50 50 54 54 54 48 48 48 54 54 54 52 52 52 52 52 52 57 57 57 53 53 53 52 52 52 56 56 56 57 57 57 54 54 54 55 55 55 59 59 59 54 54 54 59 59 59 58 58 58 53 53 53 57 57 57 59 59 59 53 53 53 59 59 59 55 55 55 52 52 52 54 54 54 58 58 58 52 52 52 58 58 58 56 56 56 56 56 56 61 61 61 57 57 57 56 56 56 60 60 60 61 61 61 58 58 58 59 59 59 63 63 63 58 58 58 63 63 63 62 62 62 57 57 57 61 61 61 63 63 63 57 57 57 63 63 63 59 59 59 56 56 56 58 58 58 62 62 62 56 56 56 62 62 62 60 60 60 60 60 60 65 65 65 61 61 61 60 60 60 64 64 64 65 65 65 62 62 62 63 63 63 67 67 67 62 62 62 67 67 67 66 66 66 61 61 61 65 65 65 67 67 67 61 61 61 67 67 67 63 63 63 60 60 60 62 62 62 66 66 66 60 60 60 66 66 66 64 64 64 64 64 64 69 69 69 65 65 65 64 64 64 68 68 68 69 69 69 66 66 66 67 67 67 71 71 71 66 66 66 71 71 71 70 70 70 65 65 65 69 69 69 71 71 71 65 65 65 71 71 71 67 67 67 64 64 64 66 66 66 70 70 70 64 64 64 70 70 70 68 68 68 68 68 68 73 73 73 69 69 69 68 68 68 72 72 72 73 73 73 70 70 70 71 71 71 75 75 75 70 70 70 75 75 75 74 74 74 69 69 69 73 73 73 75 75 75 69 69 69 75 75 75 71 71 71 68 68 68 70 70 70 74 74 74 68 68 68 74 74 74 72 72 72 72 72 72 77 77 77 73 73 73 72 72 72 76 76 76 77 77 77 74 74 74 75 75 75 79 79 79 74 74 74 79 79 79 78 78 78 73 73 73 77 77 77 79 79 79 73 73 73 79 79 79 75 75 75 72 72 72 74 74 74 78 78 78 72 72 72 78 78 78 76 76 76 76 76 76 81 81 81 77 77 77 76 76 76 80 80 80 81 81 81 78 78 78 79 79 79 83 83 83 78 78 78 83 83 83 82 82 82 77 77 77 81 81 81 83 83 83 77 77 77 83 83 83 79 79 79 76 76 76 78 78 78 82 82 82 76 76 76 82 82 82 80 80 80 80 80 80 85 85 85 81 81 81 80 80 80 84 84 84 85 85 85 82 82 82 83 83 83 87 87 87 82 82 82 87 87 87 86 86 86 81 81 81 85 85 85 87 87 87 81 81 81 87 87 87 83 83 83 80 80 80 82 82 82 86 86 86 80 80 80 86 86 86 84 84 84 84 84 84 89 89 89 85 85 85 84 84 84 88 88 88 89 89 89 86 86 86 87 87 87 91 91 91 86 86 86 91 91 91 90 90 90 85 85 85 89 89 89 91 91 91 85 85 85 91 91 91 87 87 87 84 84 84 86 86 86 90 90 90 84 84 84 90 90 90 88 88 88 88 88 88 93 93 93 89 89 89 88 88 88 92 92 92 93 93 93 90 90 90 91 91 91 95 95 95 90 90 90 95 95 95 94 94 94 89 89 89 93 93 93 95 95 95 89 89 89 95 95 95 91 91 91 88 88 88 90 90 90 94 94 94 88 88 88 94 94 94 92 92 92 92 92 92 97 97 97 93 93 93 92 92 92 96 96 96 97 97 97 94 94 94 95 95 95 99 99 99 94 94 94 99 99 99 98 98 98 93 93 93 97 97 97 99 99 99 93 93 93 99 99 99 95 95 95 92 92 92 94 94 94 98 98 98 92 92 92 98 98 98 96 96 96 96 96 96 101 101 101 97 97 97 96 96 96 100 100 100 101 101 101 98 98 98 99 99 99 103 103 103 98 98 98 103 103 103 102 102 102 97 97 97 101 101 101 103 103 103 97 97 97 103 103 103 99 99 99 96 96 96 98 98 98 102 102 102 96 96 96 102 102 102 100 100 100 100 100 100 105 105 105 101 101 101 100 100 100 104 104 104 105 105 105 102 102 102 103 103 103 107 107 107 102 102 102 107 107 107 106 106 106 101 101 101 105 105 105 107 107 107 101 101 101 107 107 107 103 103 103 100 100 100 102 102 102 106 106 106 100 100 100 106 106 106 104 104 104 104 104 104 109 109 109 105 105 105 104 104 104 108 108 108 109 109 109 106 106 106 107 107 107 111 111 111 106 106 106 111 111 111 110 110 110 105 105 105 109 109 109 111 111 111 105 105 105 111 111 111 107 107 107 104 104 104 106 106 106 110 110 110 104 104 104 110 110 110 108 108 108 108 108 108 113 113 113 109 109 109 108 108 108 112 112 112 113 113 113 110 110 110 111 111 111 115 115 115 110 110 110 115 115 115 114 114 114 109 109 109 113 113 113 115 115 115 109 109 109 115 115 115 111 111 111 108 108 108 110 110 110 114 114 114 108 108 108 114 114 114 112 112 112 112 112 112 117 117 117 113 113 113 112 112 112 116 116 116 117 117 117 114 114 114 115 115 115 119 119 119 114 114 114 119 119 119 118 118 118 113 113 113 117 117 117 119 119 119 113 113 113 119 119 119 115 115 115 112 112 112 114 114 114 118 118 118 112 112 112 118 118 118 116 116 116 116 116 116 121 121 121 117 117 117 116 116 116 120 120 120 121 121 121 118 118 118 119 119 119 123 123 123 118 118 118 123 123 123 122 122 122 117 117 117 121 121 121 123 123 123 117 117 117 123 123 123 119 119 119 116 116 116 118 118 118 122 122 122 116 116 116 122 122 122 120 120 120 120 120 120 125 125 125 121 121 121 120 120 120 124 124 124 125 125 125 122 122 122 123 123 123 127 127 127 122 122 122 127 127 127 126 126 126 121 121 121 125 125 125 127 127 127 121 121 121 127 127 127 123 123 123 120 120 120 122 122 122 126 126 126 120 120 120 126 126 126 124 124 124 124 124 124 1 1 1 125 125 125 124 124 124 0 0 0 1 1 1 126 126 126 127 127 127 3 3 3 126 126 126 3 3 3 2 2 2 125 125 125 1 1 1 3 3 3 125 125 125 3 3 3 127 127 127 124 124 124 126 126 126 2 2 2 124 124 124 2 2 2 0 0 0 128 128 128 130 130 130 131 131 131 128 128 128 131 131 131 129 129 129 130 130 130 132 132 132 133 133 133 130 130 130 133 133 133 131 131 131 132 132 132 134 134 134 135 135 135 132 132 132 135 135 135 133 133 133 134 134 134 136 136 136 137 137 137 134 134 134 137 137 137 135 135 135 136 136 136 138 138 138 139 139 139 136 136 136 139 139 139 137 137 137 138 138 138 140 140 140 141 141 141 138 138 138 141 141 141 139 139 139 140 140 140 142 142 142 143 143 143 140 140 140 143 143 143 141 141 141 142 142 142 144 144 144 145 145 145 142 142 142 145 145 145 143 143 143 144 144 144 146 146 146 147 147 147 144 144 144 147 147 147 145 145 145 146 146 146 148 148 148 149 149 149 146 146 146 149 149 149 147 147 147 148 148 148 150 150 150 151 151 151 148 148 148 151 151 151 149 149 149 150 150 150 152 152 152 153 153 153 150 150 150 153 153 153 151 151 151 152 152 152 154 154 154 155 155 155 152 152 152 155 155 155 153 153 153 154 154 154 156 156 156 157 157 157 154 154 154 157 157 157 155 155 155 156 156 156 158 158 158 159 159 159 156 156 156 159 159 159 157 157 157 158 158 158 128 128 128 129 129 129 158 158 158 129 129 129 159 159 159 160 160 160 129 129 129 131 131 131 161 161 161 130 130 130 128 128 128 160 160 160 131 131 131 133 133 133 161 161 161 132 132 132 130 130 130 160 160 160 133 133 133 135 135 135 161 161 161 134 134 134 132 132 132 160 160 160 135 135 135 137 137 137 161 161 161 136 136 136 134 134 134 160 160 160 137 137 137 139 139 139 161 161 161 138 138 138 136 136 136 160 160 160 139 139 139 141 141 141 161 161 161 140 140 140 138 138 138 160 160 160 141 141 141 143 143 143 161 161 161 142 142 142 140 140 140 160 160 160 143 143 143 145 145 145 161 161 161 144 144 144 142 142 142 160 160 160 145 145 145 147 147 147 161 161 161 146 146 146 144 144 144 160 160 160 147 147 147 149 149 149 161 161 161 148 148 148 146 146 146 160 160 160 149 149 149 151 151 151 161 161 161 150 150 150 148 148 148 160 160 160 151 151 151 153 153 153 161 161 161 152 152 152 150 150 150 160 160 160 153 153 153 155 155 155 161 161 161 154 154 154 152 152 152 160 160 160 155 155 155 157 157 157 161 161 161 156 156 156 154 154 154 160 160 160 157 157 157 159 159 159 161 161 161 158 158 158 156 156 156 160 160 160 159 159 159 129 129 129 161 161 161 128 128 128 158 158 158 162 162 162 163 163 163 164 164 164 162 162 162 164 164 164 165 165 165 166 166 166 168 168 168 167 167 167 166 166 166 169 169 169 168 168 168 162 162 162 166 166 166 167 167 167 162 162 162 167 167 167 163 163 163 164 164 164 168 168 168 169 169 169 164 164 164 169 169 169 165 165 165 163 163 163 167 167 167 168 168 168 163 163 163 168 168 168 164 164 164 165 165 165 169 169 169 166 166 166 165 165 165 166 166 166 162 162 162 170 170 170 171 171 171 172 172 172 170 170 170 172 172 172 173 173 173 174 174 174 176 176 176 175 175 175 174 174 174 177 177 177 176 176 176 170 170 170 174 174 174 175 175 175 170 170 170 175 175 175 171 171 171 172 172 172 176 176 176 177 177 177 172 172 172 177 177 177 173 173 173 171 171 171 175 175 175 176 176 176 171 171 171 176 176 176 172 172 172 173 173 173 177 177 177 174 174 174 173 173 173 174 174 174 170 170 170 178 178 178 179 179 179 180 180 180 178 178 178 180 180 180 181 181 181 182 182 182 184 184 184 183 183 183 182 182 182 185 185 185 184 184 184 178 178 178 182 182 182 183 183 183 178 178 178 183 183 183 179 179 179 180 180 180 184 184 184 185 185 185 180 180 180 185 185 185 181 181 181 179 179 179 183 183 183 184 184 184 179 179 179 184 184 184 180 180 180 181 181 181 185 185 185 182 182 182 181 181 181 182 182 182 178 178 178 186 186 186 191 191 191 187 187 187 186 186 186 190 190 190 191 191 191 188 188 188 189 189 189 193 193 193 188 188 188 193 193 193 192 192 192 187 187 187 191 191 191 193 193 193 187 187 187 193 193 193 189 189 189 186 186 186 188 188 188 192 192 192 186 186 186 192 192 192 190 190 190 190 190 190 195 195 195 191 191 191 190 190 190 194 194 194 195 195 195 192 192 192 193 193 193 197 197 197 192 192 192 197 197 197 196 196 196 191 191 191 195 195 195 197 197 197 191 191 191 197 197 197 193 193 193 190 190 190 192 192 192 196 196 196 190 190 190 196 196 196 194 194 194 194 194 194 199 199 199 195 195 195 194 194 194 198 198 198 199 199 199 196 196 196 197 197 197 201 201 201 196 196 196 201 201 201 200 200 200 195 195 195 199 199 199 201 201 201 195 195 195 201 201 201 197 197 197 194 194 194 196 196 196 200 200 200 194 194 194 200 200 200 198 198 198 198 198 198 203 203 203 199 199 199 198 198 198 202 202 202 203 203 203 200 200 200 201 201 201 205 205 205 200 200 200 205 205 205 204 204 204 199 199 199 203 203 203 205 205 205 199 199 199 205 205 205 201 201 201 198 198 198 200 200 200 204 204 204 198 198 198 204 204 204 202 202 202 202 202 202 207 207 207 203 203 203 202 202 202 206 206 206 207 207 207 204 204 204 205 205 205 209 209 209 204 204 204 209 209 209 208 208 208 203 203 203 207 207 207 209 209 209 203 203 203 209 209 209 205 205 205 202 202 202 204 204 204 208 208 208 202 202 202 208 208 208 206 206 206 206 206 206 211 211 211 207 207 207 206 206 206 210 210 210 211 211 211 208 208 208 209 209 209 213 213 213 208 208 208 213 213 213 212 212 212 207 207 207 211 211 211 213 213 213 207 207 207 213 213 213 209 209 209 206 206 206 208 208 208 212 212 212 206 206 206 212 212 212 210 210 210 210 210 210 215 215 215 211 211 211 210 210 210 214 214 214 215 215 215 212 212 212 213 213 213 217 217 217 212 212 212 217 217 217 216 216 216 211 211 211 215 215 215 217 217 217 211 211 211 217 217 217 213 213 213 210 210 210 212 212 212 216 216 216 210 210 210 216 216 216 214 214 214 214 214 214 219 219 219 215 215 215 214 214 214 218 218 218 219 219 219 216 216 216 217 217 217 221 221 221 216 216 216 221 221 221 220 220 220 215 215 215 219 219 219 221 221 221 215 215 215 221 221 221 217 217 217 214 214 214 216 216 216 220 220 220 214 214 214 220 220 220 218 218 218 218 218 218 223 223 223 219 219 219 218 218 218 222 222 222 223 223 223 220 220 220 221 221 221 225 225 225 220 220 220 225 225 225 224 224 224 219 219 219 223 223 223 225 225 225 219 219 219 225 225 225 221 221 221 218 218 218 220 220 220 224 224 224 218 218 218 224 224 224 222 222 222 222 222 222 227 227 227 223 223 223 222 222 222 226 226 226 227 227 227 224 224 224 225 225 225 229 229 229 224 224 224 229 229 229 228 228 228 223 223 223 227 227 227 229 229 229 223 223 223 229 229 229 225 225 225 222 222 222 224 224 224 228 228 228 222 222 222 228 228 228 226 226 226 226 226 226 231 231 231 227 227 227 226 226 226 230 230 230 231 231 231 228 228 228 229 229 229 233 233 233 228 228 228 233 233 233 232 232 232 227 227 227 231 231 231 233 233 233 227 227 227 233 233 233 229 229 229 226 226 226 228 228 228 232 232 232 226 226 226 232 232 232 230 230 230 230 230 230 235 235 235 231 231 231 230 230 230 234 234 234 235 235 235 232 232 232 233 233 233 237 237 237 232 232 232 237 237 237 236 236 236 231 231 231 235 235 235 237 237 237 231 231 231 237 237 237 233 233 233 230 230 230 232 232 232 236 236 236 230 230 230 236 236 236 234 234 234 234 234 234 239 239 239 235 235 235 234 234 234 238 238 238 239 239 239 236 236 236 237 237 237 241 241 241 236 236 236 241 241 241 240 240 240 235 235 235 239 239 239 241 241 241 235 235 235 241 241 241 237 237 237 234 234 234 236 236 236 240 240 240 234 234 234 240 240 240 238 238 238 238 238 238 243 243 243 239 239 239 238 238 238 242 242 242 243 243 243 240 240 240 241 241 241 245 245 245 240 240 240 245 245 245 244 244 244 239 239 239 243 243 243 245 245 245 239 239 239 245 245 245 241 241 241 238 238 238 240 240 240 244 244 244 238 238 238 244 244 244 242 242 242 242 242 242 247 247 247 243 243 243 242 242 242 246 246 246 247 247 247 244 244 244 245 245 245 249 249 249 244 244 244 249 249 249 248 248 248 243 243 243 247 247 247 249 249 249 243 243 243 249 249 249 245 245 245 242 242 242 244 244 244 248 248 248 242 242 242 248 248 248 246 246 246 246 246 246 251 251 251 247 247 247 246 246 246 250 250 250 251 251 251 248 248 248 249 249 249 253 253 253 248 248 248 253 253 253 252 252 252 247 247 247 251 251 251 253 253 253 247 247 247 253 253 253 249 249 249 246 246 246 248 248 248 252 252 252 246 246 246 252 252 252 250 250 250 250 250 250 255 255 255 251 251 251 250 250 250 254 254 254 255 255 255 252 252 252 253 253 253 257 257 257 252 252 252 257 257 257 256 256 256 251 251 251 255 255 255 257 257 257 251 251 251 257 257 257 253 253 253 250 250 250 252 252 252 256 256 256 250 250 250 256 256 256 254 254 254 254 254 254 259 259 259 255 255 255 254 254 254 258 258 258 259 259 259 256 256 256 257 257 257 261 261 261 256 256 256 261 261 261 260 260 260 255 255 255 259 259 259 261 261 261 255 255 255 261 261 261 257 257 257 254 254 254 256 256 256 260 260 260 254 254 254 260 260 260 258 258 258 258 258 258 263 263 263 259 259 259 258 258 258 262 262 262 263 263 263 260 260 260 261 261 261 265 265 265 260 260 260 265 265 265 264 264 264 259 259 259 263 263 263 265 265 265 259 259 259 265 265 265 261 261 261 258 258 258 260 260 260 264 264 264 258 258 258 264 264 264 262 262 262 262 262 262 267 267 267 263 263 263 262 262 262 266 266 266 267 267 267 264 264 264 265 265 265 269 269 269 264 264 264 269 269 269 268 268 268 263 263 263 267 267 267 269 269 269 263 263 263 269 269 269 265 265 265 262 262 262 264 264 264 268 268 268 262 262 262 268 268 268 266 266 266 266 266 266 271 271 271 267 267 267 266 266 266 270 270 270 271 271 271 268 268 268 269 269 269 273 273 273 268 268 268 273 273 273 272 272 272 267 267 267 271 271 271 273 273 273 267 267 267 273 273 273 269 269 269 266 266 266 268 268 268 272 272 272 266 266 266 272 272 272 270 270 270 270 270 270 275 275 275 271 271 271 270 270 270 274 274 274 275 275 275 272 272 272 273 273 273 277 277 277 272 272 272 277 277 277 276 276 276 271 271 271 275 275 275 277 277 277 271 271 271 277 277 277 273 273 273 270 270 270 272 272 272 276 276 276 270 270 270 276 276 276 274 274 274 274 274 274 279 279 279 275 275 275 274 274 274 278 278 278 279 279 279 276 276 276 277 277 277 281 281 281 276 276 276 281 281 281 280 280 280 275 275 275 279 279 279 281 281 281 275 275 275 281 281 281 277 277 277 274 274 274 276 276 276 280 280 280 274 274 274 280 280 280 278 278 278 278 278 278 283 283 283 279 279 279 278 278 278 282 282 282 283 283 283 280 280 280 281 281 281 285 285 285 280 280 280 285 285 285 284 284 284 279 279 279 283 283 283 285 285 285 279 279 279 285 285 285 281 281 281 278 278 278 280 280 280 284 284 284 278 278 278 284 284 284 282 282 282 282 282 282 287 287 287 283 283 283 282 282 282 286 286 286 287 287 287 284 284 284 285 285 285 289 289 289 284 284 284 289 289 289 288 288 288 283 283 283 287 287 287 289 289 289 283 283 283 289 289 289 285 285 285 282 282 282 284 284 284 288 288 288 282 282 282 288 288 288 286 286 286 286 286 286 291 291 291 287 287 287 286 286 286 290 290 290 291 291 291 288 288 288 289 289 289 293 293 293 288 288 288 293 293 293 292 292 292 287 287 287 291 291 291 293 293 293 287 287 287 293 293 293 289 289 289 286 286 286 288 288 288 292 292 292 286 286 286 292 292 292 290 290 290 290 290 290 295 295 295 291 291 291 290 290 290 294 294 294 295 295 295 292 292 292 293 293 293 297 297 297 292 292 292 297 297 297 296 296 296 291 291 291 295 295 295 297 297 297 291 291 291 297 297 297 293 293 293 290 290 290 292 292 292 296 296 296 290 290 290 296 296 296 294 294 294 294 294 294 299 299 299 295 295 295 294 294 294 298 298 298 299 299 299 296 296 296 297 297 297 301 301 301 296 296 296 301 301 301 300 300 300 295 295 295 299 299 299 301 301 301 295 295 295 301 301 301 297 297 297 294 294 294 296 296 296 300 300 300 294 294 294 300 300 300 298 298 298 298 298 298 303 303 303 299 299 299 298 298 298 302 302 302 303 303 303 300 300 300 301 301 301 305 305 305 300 300 300 305 305 305 304 304 304 299 299 299 303 303 303 305 305 305 299 299 299 305 305 305 301 301 301 298 298 298 300 300 300 304 304 304 298 298 298 304 304 304 302 302 302 302 302 302 307 307 307 303 303 303 302 302 302 306 306 306 307 307 307 304 304 304 305 305 305 309 309 309 304 304 304 309 309 309 308 308 308 303 303 303 307 307 307 309 309 309 303 303 303 309 309 309 305 305 305 302 302 302 304 304 304 308 308 308 302 302 302 308 308 308 306 306 306 306 306 306 311 311 311 307 307 307 306 306 306 310 310 310 311 311 311 308 308 308 309 309 309 313 313 313 308 308 308 313 313 313 312 312 312 307 307 307 311 311 311 313 313 313 307 307 307 313 313 313 309 309 309 306 306 306 308 308 308 312 312 312 306 306 306 312 312 312 310 310 310 310 310 310 187 187 187 311 311 311 310 310 310 186 186 186 187 187 187 312 312 312 313 313 313 189 189 189 312 312 312 189 189 189 188 188 188 311 311 311 187 187 187 189 189 189 311 311 311 189 189 189 313 313 313 310 310 310 312 312 312 188 188 188 310 310 310 188 188 188 186 186 186 314 314 314 316 316 316 317 317 317 314 314 314 317 317 317 315 315 315 316 316 316 318 318 318 319 319 319 316 316 316 319 319 319 317 317 317 318 318 318 320 320 320 321 321 321 318 318 318 321 321 321 319 319 319 320 320 320 322 322 322 323 323 323 320 320 320 323 323 323 321 321 321 322 322 322 324 324 324 325 325 325 322 322 322 325 325 325 323 323 323 324 324 324 326 326 326 327 327 327 324 324 324 327 327 327 325 325 325 326 326 326 328 328 328 329 329 329 326 326 326 329 329 329 327 327 327 328 328 328 330 330 330 331 331 331 328 328 328 331 331 331 329 329 329 330 330 330 332 332 332 333 333 333 330 330 330 333 333 333 331 331 331 332 332 332 334 334 334 335 335 335 332 332 332 335 335 335 333 333 333 334 334 334 336 336 336 337 337 337 334 334 334 337 337 337 335 335 335 336 336 336 338 338 338 339 339 339 336 336 336 339 339 339 337 337 337 338 338 338 340 340 340 341 341 341 338 338 338 341 341 341 339 339 339 340 340 340 342 342 342 343 343 343 340 340 340 343 343 343 341 341 341 342 342 342 344 344 344 345 345 345 342 342 342 345 345 345 343 343 343 344 344 344 314 314 314 315 315 315 344 344 344 315 315 315 345 345 345 346 346 346 315 315 315 317 317 317 347 347 347 316 316 316 314 314 314 346 346 346 317 317 317 319 319 319 347 347 347 318 318 318 316 316 316 346 346 346 319 319 319 321 321 321 347 347 347 320 320 320 318 318 318 346 346 346 321 321 321 323 323 323 347 347 347 322 322 322 320 320 320 346 346 346 323 323 323 325 325 325 347 347 347 324 324 324 322 322 322 346 346 346 325 325 325 327 327 327 347 347 347 326 326 326 324 324 324 346 346 346 327 327 327 329 329 329 347 347 347 328 328 328 326 326 326 346 346 346 329 329 329 331 331 331 347 347 347 330 330 330 328 328 328 346 346 346 331 331 331 333 333 333 347 347 347 332 332 332 330 330 330 346 346 346 333 333 333 335 335 335 347 347 347 334 334 334 332 332 332 346 346 346 335 335 335 337 337 337 347 347 347 336 336 336 334 334 334 346 346 346 337 337 337 339 339 339 347 347 347 338 338 338 336 336 336 346 346 346 339 339 339 341 341 341 347 347 347 340 340 340 338 338 338 346 346 346 341 341 341 343 343 343 347 347 347 342 342 342 340 340 340 346 346 346 343 343 343 345 345 345 347 347 347 344 344 344 342 342 342 346 346 346 345 345 345 315 315 315 347 347 347 314 314 314 344 344 344 348 348 348 349 349 349 350 350 350 348 348 348 350 350 350 351 351 351 352 352 352 354 354 354 353 353 353 352 352 352 355 355 355 354 354 354 348 348 348 352 352 352 353 353 353 348 348 348 353 353 353 349 349 349 350 350 350 354 354 354 355 355 355 350 350 350 355 355 355 351 351 351 349 349 349 353 353 353 354 354 354 349 349 349 354 354 354 350 350 350 351 351 351 355 355 355 352 352 352 351 351 351 352 352 352 348 348 348 356 356 356 357 357 357 358 358 358 356 356 356 358 358 358 359 359 359 360 360 360 362 362 362 361 361 361 360 360 360 363 363 363 362 362 362 356 356 356 360 360 360 361 361 361 356 356 356 361 361 361 357 357 357 358 358 358 362 362 362 363 363 363 358 358 358 363 363 363 359 359 359 357 357 357 361 361 361 362 362 362 357 357 357 362 362 362 358 358 358 359 359 359 363 363 363 360 360 360 359 359 359 360 360 360 356 356 356 364 364 364 365 365 365 366 366 366 364 364 364 366 366 366 367 367 367 368 368 368 370 370 370 369 369 369 368 368 368 371 371 371 370 370 370 364 364 364 368 368 368 369 369 369 364 364 364 369 369 369 365 365 365 366 366 366 370 370 370 371 371 371 366 366 366 371 371 371 367 367 367 365 365 365 369 369 369 370 370 370 365 365 365 370 370 370 366 366 366 367 367 367 371 371 371 368 368 368 367 367 367 368 368 368 364 364 364 372 372 372 377 377 377 373 373 373 372 372 372 376 376 376 377 377 377 374 374 374 375 375 375 379 379 379 374 374 374 379 379 379 378 378 378 373 373 373 377 377 377 379 379 379 373 373 373 379 379 379 375 375 375 372 372 372 374 374 374 378 378 378 372 372 372 378 378 378 376 376 376 376 376 376 381 381 381 377 377 377 376 376 376 380 380 380 381 381 381 378 378 378 379 379 379 383 383 383 378 378 378 383 383 383 382 382 382 377 377 377 381 381 381 383 383 383 377 377 377 383 383 383 379 379 379 376 376 376 378 378 378 382 382 382 376 376 376 382 382 382 380 380 380 380 380 380 385 385 385 381 381 381 380 380 380 384 384 384 385 385 385 382 382 382 383 383 383 387 387 387 382 382 382 387 387 387 386 386 386 381 381 381 385 385 385 387 387 387 381 381 381 387 387 387 383 383 383 380 380 380 382 382 382 386 386 386 380 380 380 386 386 386 384 384 384 384 384 384 389 389 389 385 385 385 384 384 384 388 388 388 389 389 389 386 386 386 387 387 387 391 391 391 386 386 386 391 391 391 390 390 390 385 385 385 389 389 389 391 391 391 385 385 385 391 391 391 387 387 387 384 384 384 386 386 386 390 390 390 384 384 384 390 390 390 388 388 388 388 388 388 393 393 393 389 389 389 388 388 388 392 392 392 393 393 393 390 390 390 391 391 391 395 395 395 390 390 390 395 395 395 394 394 394 389 389 389 393 393 393 395 395 395 389 389 389 395 395 395 391 391 391 388 388 388 390 390 390 394 394 394 388 388 388 394 394 394 392 392 392 392 392 392 397 397 397 393 393 393 392 392 392 396 396 396 397 397 397 394 394 394 395 395 395 399 399 399 394 394 394 399 399 399 398 398 398 393 393 393 397 397 397 399 399 399 393 393 393 399 399 399 395 395 395 392 392 392 394 394 394 398 398 398 392 392 392 398 398 398 396 396 396 396 396 396 401 401 401 397 397 397 396 396 396 400 400 400 401 401 401 398 398 398 399 399 399 403 403 403 398 398 398 403 403 403 402 402 402 397 397 397 401 401 401 403 403 403 397 397 397 403 403 403 399 399 399 396 396 396 398 398 398 402 402 402 396 396 396 402 402 402 400 400 400 400 400 400 405 405 405 401 401 401 400 400 400 404 404 404 405 405 405 402 402 402 403 403 403 407 407 407 402 402 402 407 407 407 406 406 406 401 401 401 405 405 405 407 407 407 401 401 401 407 407 407 403 403 403 400 400 400 402 402 402 406 406 406 400 400 400 406 406 406 404 404 404 404 404 404 409 409 409 405 405 405 404 404 404 408 408 408 409 409 409 406 406 406 407 407 407 411 411 411 406 406 406 411 411 411 410 410 410 405 405 405 409 409 409 411 411 411 405 405 405 411 411 411 407 407 407 404 404 404 406 406 406 410 410 410 404 404 404 410 410 410 408 408 408 408 408 408 413 413 413 409 409 409 408 408 408 412 412 412 413 413 413 410 410 410 411 411 411 415 415 415 410 410 410 415 415 415 414 414 414 409 409 409 413 413 413 415 415 415 409 409 409 415 415 415 411 411 411 408 408 408 410 410 410 414 414 414 408 408 408 414 414 414 412 412 412 412 412 412 417 417 417 413 413 413 412 412 412 416 416 416 417 417 417 414 414 414 415 415 415 419 419 419 414 414 414 419 419 419 418 418 418 413 413 413 417 417 417 419 419 419 413 413 413 419 419 419 415 415 415 412 412 412 414 414 414 418 418 418 412 412 412 418 418 418 416 416 416 416 416 416 421 421 421 417 417 417 416 416 416 420 420 420 421 421 421 418 418 418 419 419 419 423 423 423 418 418 418 423 423 423 422 422 422 417 417 417 421 421 421 423 423 423 417 417 417 423 423 423 419 419 419 416 416 416 418 418 418 422 422 422 416 416 416 422 422 422 420 420 420 420 420 420 425 425 425 421 421 421 420 420 420 424 424 424 425 425 425 422 422 422 423 423 423 427 427 427 422 422 422 427 427 427 426 426 426 421 421 421 425 425 425 427 427 427 421 421 421 427 427 427 423 423 423 420 420 420 422 422 422 426 426 426 420 420 420 426 426 426 424 424 424 424 424 424 429 429 429 425 425 425 424 424 424 428 428 428 429 429 429 426 426 426 427 427 427 431 431 431 426 426 426 431 431 431 430 430 430 425 425 425 429 429 429 431 431 431 425 425 425 431 431 431 427 427 427 424 424 424 426 426 426 430 430 430 424 424 424 430 430 430 428 428 428 428 428 428 433 433 433 429 429 429 428 428 428 432 432 432 433 433 433 430 430 430 431 431 431 435 435 435 430 430 430 435 435 435 434 434 434 429 429 429 433 433 433 435 435 435 429 429 429 435 435 435 431 431 431 428 428 428 430 430 430 434 434 434 428 428 428 434 434 434 432 432 432 432 432 432 437 437 437 433 433 433 432 432 432 436 436 436 437 437 437 434 434 434 435 435 435 439 439 439 434 434 434 439 439 439 438 438 438 433 433 433 437 437 437 439 439 439 433 433 433 439 439 439 435 435 435 432 432 432 434 434 434 438 438 438 432 432 432 438 438 438 436 436 436 436 436 436 441 441 441 437 437 437 436 436 436 440 440 440 441 441 441 438 438 438 439 439 439 443 443 443 438 438 438 443 443 443 442 442 442 437 437 437 441 441 441 443 443 443 437 437 437 443 443 443 439 439 439 436 436 436 438 438 438 442 442 442 436 436 436 442 442 442 440 440 440 440 440 440 445 445 445 441 441 441 440 440 440 444 444 444 445 445 445 442 442 442 443 443 443 447 447 447 442 442 442 447 447 447 446 446 446 441 441 441 445 445 445 447 447 447 441 441 441 447 447 447 443 443 443 440 440 440 442 442 442 446 446 446 440 440 440 446 446 446 444 444 444 444 444 444 449 449 449 445 445 445 444 444 444 448 448 448 449 449 449 446 446 446 447 447 447 451 451 451 446 446 446 451 451 451 450 450 450 445 445 445 449 449 449 451 451 451 445 445 445 451 451 451 447 447 447 444 444 444 446 446 446 450 450 450 444 444 444 450 450 450 448 448 448 448 448 448 453 453 453 449 449 449 448 448 448 452 452 452 453 453 453 450 450 450 451 451 451 455 455 455 450 450 450 455 455 455 454 454 454 449 449 449 453 453 453 455 455 455 449 449 449 455 455 455 451 451 451 448 448 448 450 450 450 454 454 454 448 448 448 454 454 454 452 452 452 452 452 452 457 457 457 453 453 453 452 452 452 456 456 456 457 457 457 454 454 454 455 455 455 459 459 459 454 454 454 459 459 459 458 458 458 453 453 453 457 457 457 459 459 459 453 453 453 459 459 459 455 455 455 452 452 452 454 454 454 458 458 458 452 452 452 458 458 458 456 456 456 456 456 456 461 461 461 457 457 457 456 456 456 460 460 460 461 461 461 458 458 458 459 459 459 463 463 463 458 458 458 463 463 463 462 462 462 457 457 457 461 461 461 463 463 463 457 457 457 463 463 463 459 459 459 456 456 456 458 458 458 462 462 462 456 456 456 462 462 462 460 460 460 460 460 460 465 465 465 461 461 461 460 460 460 464 464 464 465 465 465 462 462 462 463 463 463 467 467 467 462 462 462 467 467 467 466 466 466 461 461 461 465 465 465 467 467 467 461 461 461 467 467 467 463 463 463 460 460 460 462 462 462 466 466 466 460 460 460 466 466 466 464 464 464 464 464 464 469 469 469 465 465 465 464 464 464 468 468 468 469 469 469 466 466 466 467 467 467 471 471 471 466 466 466 471 471 471 470 470 470 465 465 465 469 469 469 471 471 471 465 465 465 471 471 471 467 467 467 464 464 464 466 466 466 470 470 470 464 464 464 470 470 470 468 468 468 468 468 468 473 473 473 469 469 469 468 468 468 472 472 472 473 473 473 470 470 470 471 471 471 475 475 475 470 470 470 475 475 475 474 474 474 469 469 469 473 473 473 475 475 475 469 469 469 475 475 475 471 471 471 468 468 468 470 470 470 474 474 474 468 468 468 474 474 474 472 472 472 472 472 472 477 477 477 473 473 473 472 472 472 476 476 476 477 477 477 474 474 474 475 475 475 479 479 479 474 474 474 479 479 479 478 478 478 473 473 473 477 477 477 479 479 479 473 473 473 479 479 479 475 475 475 472 472 472 474 474 474 478 478 478 472 472 472 478 478 478 476 476 476 476 476 476 481 481 481 477 477 477 476 476 476 480 480 480 481 481 481 478 478 478 479 479 479 483 483 483 478 478 478 483 483 483 482 482 482 477 477 477 481 481 481 483 483 483 477 477 477 483 483 483 479 479 479 476 476 476 478 478 478 482 482 482 476 476 476 482 482 482 480 480 480 480 480 480 485 485 485 481 481 481 480 480 480 484 484 484 485 485 485 482 482 482 483 483 483 487 487 487 482 482 482 487 487 487 486 486 486 481 481 481 485 485 485 487 487 487 481 481 481 487 487 487 483 483 483 480 480 480 482 482 482 486 486 486 480 480 480 486 486 486 484 484 484 484 484 484 489 489 489 485 485 485 484 484 484 488 488 488 489 489 489 486 486 486 487 487 487 491 491 491 486 486 486 491 491 491 490 490 490 485 485 485 489 489 489 491 491 491 485 485 485 491 491 491 487 487 487 484 484 484 486 486 486 490 490 490 484 484 484 490 490 490 488 488 488 488 488 488 493 493 493 489 489 489 488 488 488 492 492 492 493 493 493 490 490 490 491 491 491 495 495 495 490 490 490 495 495 495 494 494 494 489 489 489 493 493 493 495 495 495 489 489 489 495 495 495 491 491 491 488 488 488 490 490 490 494 494 494 488 488 488 494 494 494 492 492 492 492 492 492 497 497 497 493 493 493 492 492 492 496 496 496 497 497 497 494 494 494 495 495 495 499 499 499 494 494 494 499 499 499 498 498 498 493 493 493 497 497 497 499 499 499 493 493 493 499 499 499 495 495 495 492 492 492 494 494 494 498 498 498 492 492 492 498 498 498 496 496 496 496 496 496 373 373 373 497 497 497 496 496 496 372 372 372 373 373 373 498 498 498 499 499 499 375 375 375 498 498 498 375 375 375 374 374 374 497 497 497 373 373 373 375 375 375 497 497 497 375 375 375 499 499 499 496 496 496 498 498 498 374 374 374 496 496 496 374 374 374 372 372 372 500 500 500 502 502 502 503 503 503 500 500 500 503 503 503 501 501 501 502 502 502 504 504 504 505 505 505 502 502 502 505 505 505 503 503 503 504 504 504 506 506 506 507 507 507 504 504 504 507 507 507 505 505 505 506 506 506 508 508 508 509 509 509 506 506 506 509 509 509 507 507 507 508 508 508 510 510 510 511 511 511 508 508 508 511 511 511 509 509 509 510 510 510 512 512 512 513 513 513 510 510 510 513 513 513 511 511 511 512 512 512 514 514 514 515 515 515 512 512 512 515 515 515 513 513 513 514 514 514 516 516 516 517 517 517 514 514 514 517 517 517 515 515 515 516 516 516 518 518 518 519 519 519 516 516 516 519 519 519 517 517 517 518 518 518 520 520 520 521 521 521 518 518 518 521 521 521 519 519 519 520 520 520 522 522 522 523 523 523 520 520 520 523 523 523 521 521 521 522 522 522 524 524 524 525 525 525 522 522 522 525 525 525 523 523 523 524 524 524 526 526 526 527 527 527 524 524 524 527 527 527 525 525 525 526 526 526 528 528 528 529 529 529 526 526 526 529 529 529 527 527 527 528 528 528 530 530 530 531 531 531 528 528 528 531 531 531 529 529 529 530 530 530 500 500 500 501 501 501 530 530 530 501 501 501 531 531 531 532 532 532 501 501 501 503 503 503 533 533 533 502 502 502 500 500 500 532 532 532 503 503 503 505 505 505 533 533 533 504 504 504 502 502 502 532 532 532 505 505 505 507 507 507 533 533 533 506 506 506 504 504 504 532 532 532 507 507 507 509 509 509 533 533 533 508 508 508 506 506 506 532 532 532 509 509 509 511 511 511 533 533 533 510 510 510 508 508 508 532 532 532 511 511 511 513 513 513 533 533 533 512 512 512 510 510 510 532 532 532 513 513 513 515 515 515 533 533 533 514 514 514 512 512 512 532 532 532 515 515 515 517 517 517 533 533 533 516 516 516 514 514 514 532 532 532 517 517 517 519 519 519 533 533 533 518 518 518 516 516 516 532 532 532 519 519 519 521 521 521 533 533 533 520 520 520 518 518 518 532 532 532 521 521 521 523 523 523 533 533 533 522 522 522 520 520 520 532 532 532 523 523 523 525 525 525 533 533 533 524 524 524 522 522 522 532 532 532 525 525 525 527 527 527 533 533 533 526 526 526 524 524 524 532 532 532 527 527 527 529 529 529 533 533 533 528 528 528 526 526 526 532 532 532 529 529 529 531 531 531 533 533 533 530 530 530 528 528 528 532 532 532 531 531 531 501 501 501 533 533 533 500 500 500 530 530 530 534 534 534 535 535 535 536 536 536 534 534 534 536 536 536 537 537 537 538 538 538 540 540 540 539 539 539 538 538 538 541 541 541 540 540 540 534 534 534 538 538 538 539 539 539 534 534 534 539 539 539 535 535 535 536 536 536 540 540 540 541 541 541 536 536 536 541 541 541 537 537 537 535 535 535 539 539 539 540 540 540 535 535 535 540 540 540 536 536 536 537 537 537 541 541 541 538 538 538 537 537 537 538 538 538 534 534 534 542 542 542 543 543 543 544 544 544 542 542 542 544 544 544 545 545 545 546 546 546 548 548 548 547 547 547 546 546 546 549 549 549 548 548 548 542 542 542 546 546 546 547 547 547 542 542 542 547 547 547 543 543 543 544 544 544 548 548 548 549 549 549 544 544 544 549 549 549 545 545 545 543 543 543 547 547 547 548 548 548 543 543 543 548 548 548 544 544 544 545 545 545 549 549 549 546 546 546 545 545 545 546 546 546 542 542 542 550 550 550 551 551 551 552 552 552 550 550 550 552 552 552 553 553 553 554 554 554 556 556 556 555 555 555 554 554 554 557 557 557 556 556 556 550 550 550 554 554 554 555 555 555 550 550 550 555 555 555 551 551 551 552 552 552 556 556 556 557 557 557 552 552 552 557 557 557 553 553 553 551 551 551 555 555 555 556 556 556 551 551 551 556 556 556 552 552 552 553 553 553 557 557 557 554 554 554 553 553 553 554 554 554 550 550 550 558 558 558 563 563 563 559 559 559 558 558 558 562 562 562 563 563 563 560 560 560 561 561 561 565 565 565 560 560 560 565 565 565 564 564 564 559 559 559 563 563 563 565 565 565 559 559 559 565 565 565 561 561 561 558 558 558 560 560 560 564 564 564 558 558 558 564 564 564 562 562 562 562 562 562 567 567 567 563 563 563 562 562 562 566 566 566 567 567 567 564 564 564 565 565 565 569 569 569 564 564 564 569 569 569 568 568 568 563 563 563 567 567 567 569 569 569 563 563 563 569 569 569 565 565 565 562 562 562 564 564 564 568 568 568 562 562 562 568 568 568 566 566 566 566 566 566 571 571 571 567 567 567 566 566 566 570 570 570 571 571 571 568 568 568 569 569 569 573 573 573 568 568 568 573 573 573 572 572 572 567 567 567 571 571 571 573 573 573 567 567 567 573 573 573 569 569 569 566 566 566 568 568 568 572 572 572 566 566 566 572 572 572 570 570 570 570 570 570 575 575 575 571 571 571 570 570 570 574 574 574 575 575 575 572 572 572 573 573 573 577 577 577 572 572 572 577 577 577 576 576 576 571 571 571 575 575 575 577 577 577 571 571 571 577 577 577 573 573 573 570 570 570 572 572 572 576 576 576 570 570 570 576 576 576 574 574 574 574 574 574 579 579 579 575 575 575 574 574 574 578 578 578 579 579 579 576 576 576 577 577 577 581 581 581 576 576 576 581 581 581 580 580 580 575 575 575 579 579 579 581 581 581 575 575 575 581 581 581 577 577 577 574 574 574 576 576 576 580 580 580 574 574 574 580 580 580 578 578 578 578 578 578 583 583 583 579 579 579 578 578 578 582 582 582 583 583 583 580 580 580 581 581 581 585 585 585 580 580 580 585 585 585 584 584 584 579 579 579 583 583 583 585 585 585 579 579 579 585 585 585 581 581 581 578 578 578 580 580 580 584 584 584 578 578 578 584 584 584 582 582 582 582 582 582 587 587 587 583 583 583 582 582 582 586 586 586 587 587 587 584 584 584 585 585 585 589 589 589 584 584 584 589 589 589 588 588 588 583 583 583 587 587 587 589 589 589 583 583 583 589 589 589 585 585 585 582 582 582 584 584 584 588 588 588 582 582 582 588 588 588 586 586 586 586 586 586 591 591 591 587 587 587 586 586 586 590 590 590 591 591 591 588 588 588 589 589 589 593 593 593 588 588 588 593 593 593 592 592 592 587 587 587 591 591 591 593 593 593 587 587 587 593 593 593 589 589 589 586 586 586 588 588 588 592 592 592 586 586 586 592 592 592 590 590 590 590 590 590 595 595 595 591 591 591 590 590 590 594 594 594 595 595 595 592 592 592 593 593 593 597 597 597 592 592 592 597 597 597 596 596 596 591 591 591 595 595 595 597 597 597 591 591 591 597 597 597 593 593 593 590 590 590 592 592 592 596 596 596 590 590 590 596 596 596 594 594 594 594 594 594 599 599 599 595 595 595 594 594 594 598 598 598 599 599 599 596 596 596 597 597 597 601 601 601 596 596 596 601 601 601 600 600 600 595 595 595 599 599 599 601 601 601 595 595 595 601 601 601 597 597 597 594 594 594 596 596 596 600 600 600 594 594 594 600 600 600 598 598 598 598 598 598 603 603 603 599 599 599 598 598 598 602 602 602 603 603 603 600 600 600 601 601 601 605 605 605 600 600 600 605 605 605 604 604 604 599 599 599 603 603 603 605 605 605 599 599 599 605 605 605 601 601 601 598 598 598 600 600 600 604 604 604 598 598 598 604 604 604 602 602 602 602 602 602 607 607 607 603 603 603 602 602 602 606 606 606 607 607 607 604 604 604 605 605 605 609 609 609 604 604 604 609 609 609 608 608 608 603 603 603 607 607 607 609 609 609 603 603 603 609 609 609 605 605 605 602 602 602 604 604 604 608 608 608 602 602 602 608 608 608 606 606 606 606 606 606 611 611 611 607 607 607 606 606 606 610 610 610 611 611 611 608 608 608 609 609 609 613 613 613 608 608 608 613 613 613 612 612 612 607 607 607 611 611 611 613 613 613 607 607 607 613 613 613 609 609 609 606 606 606 608 608 608 612 612 612 606 606 606 612 612 612 610 610 610 610 610 610 615 615 615 611 611 611 610 610 610 614 614 614 615 615 615 612 612 612 613 613 613 617 617 617 612 612 612 617 617 617 616 616 616 611 611 611 615 615 615 617 617 617 611 611 611 617 617 617 613 613 613 610 610 610 612 612 612 616 616 616 610 610 610 616 616 616 614 614 614 614 614 614 619 619 619 615 615 615 614 614 614 618 618 618 619 619 619 616 616 616 617 617 617 621 621 621 616 616 616 621 621 621 620 620 620 615 615 615 619 619 619 621 621 621 615 615 615 621 621 621 617 617 617 614 614 614 616 616 616 620 620 620 614 614 614 620 620 620 618 618 618 618 618 618 623 623 623 619 619 619 618 618 618 622 622 622 623 623 623 620 620 620 621 621 621 625 625 625 620 620 620 625 625 625 624 624 624 619 619 619 623 623 623 625 625 625 619 619 619 625 625 625 621 621 621 618 618 618 620 620 620 624 624 624 618 618 618 624 624 624 622 622 622 622 622 622 627 627 627 623 623 623 622 622 622 626 626 626 627 627 627 624 624 624 625 625 625 629 629 629 624 624 624 629 629 629 628 628 628 623 623 623 627 627 627 629 629 629 623 623 623 629 629 629 625 625 625 622 622 622 624 624 624 628 628 628 622 622 622 628 628 628 626 626 626 626 626 626 631 631 631 627 627 627 626 626 626 630 630 630 631 631 631 628 628 628 629 629 629 633 633 633 628 628 628 633 633 633 632 632 632 627 627 627 631 631 631 633 633 633 627 627 627 633 633 633 629 629 629 626 626 626 628 628 628 632 632 632 626 626 626 632 632 632 630 630 630 630 630 630 635 635 635 631 631 631 630 630 630 634 634 634 635 635 635 632 632 632 633 633 633 637 637 637 632 632 632 637 637 637 636 636 636 631 631 631 635 635 635 637 637 637 631 631 631 637 637 637 633 633 633 630 630 630 632 632 632 636 636 636 630 630 630 636 636 636 634 634 634 634 634 634 639 639 639 635 635 635 634 634 634 638 638 638 639 639 639 636 636 636 637 637 637 641 641 641 636 636 636 641 641 641 640 640 640 635 635 635 639 639 639 641 641 641 635 635 635 641 641 641 637 637 637 634 634 634 636 636 636 640 640 640 634 634 634 640 640 640 638 638 638 638 638 638 643 643 643 639 639 639 638 638 638 642 642 642 643 643 643 640 640 640 641 641 641 645 645 645 640 640 640 645 645 645 644 644 644 639 639 639 643 643 643 645 645 645 639 639 639 645 645 645 641 641 641 638 638 638 640 640 640 644 644 644 638 638 638 644 644 644 642 642 642 642 642 642 647 647 647 643 643 643 642 642 642 646 646 646 647 647 647 644 644 644 645 645 645 649 649 649 644 644 644 649 649 649 648 648 648 643 643 643 647 647 647 649 649 649 643 643 643 649 649 649 645 645 645 642 642 642 644 644 644 648 648 648 642 642 642 648 648 648 646 646 646 646 646 646 651 651 651 647 647 647 646 646 646 650 650 650 651 651 651 648 648 648 649 649 649 653 653 653 648 648 648 653 653 653 652 652 652 647 647 647 651 651 651 653 653 653 647 647 647 653 653 653 649 649 649 646 646 646 648 648 648 652 652 652 646 646 646 652 652 652 650 650 650 650 650 650 655 655 655 651 651 651 650 650 650 654 654 654 655 655 655 652 652 652 653 653 653 657 657 657 652 652 652 657 657 657 656 656 656 651 651 651 655 655 655 657 657 657 651 651 651 657 657 657 653 653 653 650 650 650 652 652 652 656 656 656 650 650 650 656 656 656 654 654 654 654 654 654 659 659 659 655 655 655 654 654 654 658 658 658 659 659 659 656 656 656 657 657 657 661 661 661 656 656 656 661 661 661 660 660 660 655 655 655 659 659 659 661 661 661 655 655 655 661 661 661 657 657 657 654 654 654 656 656 656 660 660 660 654 654 654 660 660 660 658 658 658 658 658 658 663 663 663 659 659 659 658 658 658 662 662 662 663 663 663 660 660 660 661 661 661 665 665 665 660 660 660 665 665 665 664 664 664 659 659 659 663 663 663 665 665 665 659 659 659 665 665 665 661 661 661 658 658 658 660 660 660 664 664 664 658 658 658 664 664 664 662 662 662 662 662 662 667 667 667 663 663 663 662 662 662 666 666 666 667 667 667 664 664 664 665 665 665 669 669 669 664 664 664 669 669 669 668 668 668 663 663 663 667 667 667 669 669 669 663 663 663 669 669 669 665 665 665 662 662 662 664 664 664 668 668 668 662 662 662 668 668 668 666 666 666 666 666 666 671 671 671 667 667 667 666 666 666 670 670 670 671 671 671 668 668 668 669 669 669 673 673 673 668 668 668 673 673 673 672 672 672 667 667 667 671 671 671 673 673 673 667 667 667 673 673 673 669 669 669 666 666 666 668 668 668 672 672 672 666 666 666 672 672 672 670 670 670 670 670 670 675 675 675 671 671 671 670 670 670 674 674 674 675 675 675 672 672 672 673 673 673 677 677 677 672 672 672 677 677 677 676 676 676 671 671 671 675 675 675 677 677 677 671 671 671 677 677 677 673 673 673 670 670 670 672 672 672 676 676 676 670 670 670 676 676 676 674 674 674 674 674 674 679 679 679 675 675 675 674 674 674 678 678 678 679 679 679 676 676 676 677 677 677 681 681 681 676 676 676 681 681 681 680 680 680 675 675 675 679 679 679 681 681 681 675 675 675 681 681 681 677 677 677 674 674 674 676 676 676 680 680 680 674 674 674 680 680 680 678 678 678 678 678 678 683 683 683 679 679 679 678 678 678 682 682 682 683 683 683 680 680 680 681 681 681 685 685 685 680 680 680 685 685 685 684 684 684 679 679 679 683 683 683 685 685 685 679 679 679 685 685 685 681 681 681 678 678 678 680 680 680 684 684 684 678 678 678 684 684 684 682 682 682 682 682 682 559 559 559 683 683 683 682 682 682 558 558 558 559 559 559 684 684 684 685 685 685 561 561 561 684 684 684 561 561 561 560 560 560 683 683 683 559 559 559 561 561 561 683 683 683 561 561 561 685 685 685 682 682 682 684 684 684 560 560 560 682 682 682 560 560 560 558 558 558 686 686 686 688 688 688 689 689 689 686 686 686 689 689 689 687 687 687 688 688 688 690 690 690 691 691 691 688 688 688 691 691 691 689 689 689 690 690 690 692 692 692 693 693 693 690 690 690 693 693 693 691 691 691 692 692 692 694 694 694 695 695 695 692 692 692 695 695 695 693 693 693 694 694 694 696 696 696 697 697 697 694 694 694 697 697 697 695 695 695 696 696 696 698 698 698 699 699 699 696 696 696 699 699 699 697 697 697 698 698 698 700 700 700 701 701 701 698 698 698 701 701 701 699 699 699 700 700 700 702 702 702 703 703 703 700 700 700 703 703 703 701 701 701 702 702 702 704 704 704 705 705 705 702 702 702 705 705 705 703 703 703 704 704 704 706 706 706 707 707 707 704 704 704 707 707 707 705 705 705 706 706 706 708 708 708 709 709 709 706 706 706 709 709 709 707 707 707 708 708 708 710 710 710 711 711 711 708 708 708 711 711 711 709 709 709 710 710 710 712 712 712 713 713 713 710 710 710 713 713 713 711 711 711 712 712 712 714 714 714 715 715 715 712 712 712 715 715 715 713 713 713 714 714 714 716 716 716 717 717 717 714 714 714 717 717 717 715 715 715 716 716 716 686 686 686 687 687 687 716 716 716 687 687 687 717 717 717 718 718 718 687 687 687 689 689 689 719 719 719 688 688 688 686 686 686 718 718 718 689 689 689 691 691 691 719 719 719 690 690 690 688 688 688 718 718 718 691 691 691 693 693 693 719 719 719 692 692 692 690 690 690 718 718 718 693 693 693 695 695 695 719 719 719 694 694 694 692 692 692 718 718 718 695 695 695 697 697 697 719 719 719 696 696 696 694 694 694 718 718 718 697 697 697 699 699 699 719 719 719 698 698 698 696 696 696 718 718 718 699 699 699 701 701 701 719 719 719 700 700 700 698 698 698 718 718 718 701 701 701 703 703 703 719 719 719 702 702 702 700 700 700 718 718 718 703 703 703 705 705 705 719 719 719 704 704 704 702 702 702 718 718 718 705 705 705 707 707 707 719 719 719 706 706 706 704 704 704 718 718 718 707 707 707 709 709 709 719 719 719 708 708 708 706 706 706 718 718 718 709 709 709 711 711 711 719 719 719 710 710 710 708 708 708 718 718 718 711 711 711 713 713 713 719 719 719 712 712 712 710 710 710 718 718 718 713 713 713 715 715 715 719 719 719 714 714 714 712 712 712 718 718 718 715 715 715 717 717 717 719 719 719 716 716 716 714 714 714 718 718 718 717 717 717 687 687 687 719 719 719 686 686 686 716 716 716 720 720 720 721 721 721 722 722 722 720 720 720 722 722 722 723 723 723 724 724 724 726 726 726 725 725 725 724 724 724 727 727 727 726 726 726 720 720 720 724 724 724 725 725 725 720 720 720 725 725 725 721 721 721 722 722 722 726 726 726 727 727 727 722 722 722 727 727 727 723 723 723 721 721 721 725 725 725 726 726 726 721 721 721 726 726 726 722 722 722 723 723 723 727 727 727 724 724 724 723 723 723 724 724 724 720 720 720 728 728 728 729 729 729 730 730 730 728 728 728 730 730 730 731 731 731 732 732 732 734 734 734 733 733 733 732 732 732 735 735 735 734 734 734 728 728 728 732 732 732 733 733 733 728 728 728 733 733 733 729 729 729 730 730 730 734 734 734 735 735 735 730 730 730 735 735 735 731 731 731 729 729 729 733 733 733 734 734 734 729 729 729 734 734 734 730 730 730 731 731 731 735 735 735 732 732 732 731 731 731 732 732 732 728 728 728 736 736 736 737 737 737 738 738 738 736 736 736 738 738 738 739 739 739 740 740 740 742 742 742 741 741 741 740 740 740 743 743 743 742 742 742 736 736 736 740 740 740 741 741 741 736 736 736 741 741 741 737 737 737 738 738 738 742 742 742 743 743 743 738 738 738 743 743 743 739 739 739 737 737 737 741 741 741 742 742 742 737 737 737 742 742 742 738 738 738 739 739 739 743 743 743 740 740 740 739 739 739 740 740 740 736 736 736 744 744 744 745 745 745 746 746 746 744 744 744 746 746 746 747 747 747 748 748 748 750 750 750 749 749 749 748 748 748 751 751 751 750 750 750 744 744 744 748 748 748 749 749 749 744 744 744 749 749 749 745 745 745 746 746 746 750 750 750 751 751 751 746 746 746 751 751 751 747 747 747 745 745 745 749 749 749 750 750 750 745 745 745 750 750 750 746 746 746 747 747 747 751 751 751 748 748 748 747 747 747 748 748 748 744 744 744 752 752 752 753 753 753 754 754 754 752 752 752 754 754 754 755 755 755 756 756 756 758 758 758 757 757 757 756 756 756 759 759 759 758 758 758 752 752 752 756 756 756 757 757 757 752 752 752 757 757 757 753 753 753 754 754 754 758 758 758 759 759 759 754 754 754 759 759 759 755 755 755 753 753 753 757 757 757 758 758 758 753 753 753 758 758 758 754 754 754 755 755 755 759 759 759 756 756 756 755 755 755 756 756 756 752 752 752 760 760 760 761 761 761 762 762 762 760 760 760 762 762 762 763 763 763 764 764 764 766 766 766 765 765 765 764 764 764 767 767 767 766 766 766 760 760 760 764 764 764 765 765 765 760 760 760 765 765 765 761 761 761 762 762 762 766 766 766 767 767 767 762 762 762 767 767 767 763 763 763 761 761 761 765 765 765 766 766 766 761 761 761 766 766 766 762 762 762 763 763 763 767 767 767 764 764 764 763 763 763 764 764 764 760 760 760 768 768 768 769 769 769 770 770 770 768 768 768 770 770 770 771 771 771 772 772 772 774 774 774 773 773 773 772 772 772 775 775 775 774 774 774 768 768 768 772 772 772 773 773 773 768 768 768 773 773 773 769 769 769 770 770 770 774 774 774 775 775 775 770 770 770 775 775 775 771 771 771 769 769 769 773 773 773 774 774 774 769 769 769 774 774 774 770 770 770 771 771 771 775 775 775 772 772 772 771 771 771 772 772 772 768 768 768 776 776 776 777 777 777 778 778 778 776 776 776 778 778 778 779 779 779 780 780 780 782 782 782 781 781 781 780 780 780 783 783 783 782 782 782 776 776 776 780 780 780 781 781 781 776 776 776 781 781 781 777 777 777 778 778 778 782 782 782 783 783 783 778 778 778 783 783 783 779 779 779 777 777 777 781 781 781 782 782 782 777 777 777 782 782 782 778 778 778 779 779 779 783 783 783 780 780 780 779 779 779 780 780 780 776 776 776 784 784 784 785 785 785 786 786 786 784 784 784 786 786 786 787 787 787 788 788 788 790 790 790 789 789 789 788 788 788 791 791 791 790 790 790 784 784 784 788 788 788 789 789 789 784 784 784 789 789 789 785 785 785 786 786 786 790 790 790 791 791 791 786 786 786 791 791 791 787 787 787 785 785 785 789 789 789 790 790 790 785 785 785 790 790 790 786 786 786 787 787 787 791 791 791 788 788 788 787 787 787 788 788 788 784 784 784 792 792 792 793 793 793 794 794 794 792 792 792 794 794 794 795 795 795 796 796 796 798 798 798 797 797 797 796 796 796 799 799 799 798 798 798 792 792 792 796 796 796 797 797 797 792 792 792 797 797 797 793 793 793 794 794 794 798 798 798 799 799 799 794 794 794 799 799 799 795 795 795 793 793 793 797 797 797 798 798 798 793 793 793 798 798 798 794 794 794 795 795 795 799 799 799 796 796 796 795 795 795 796 796 796 792 792 792 800 800 800 801 801 801 802 802 802 800 800 800 802 802 802 803 803 803 804 804 804 806 806 806 805 805 805 804 804 804 807 807 807 806 806 806 800 800 800 804 804 804 805 805 805 800 800 800 805 805 805 801 801 801 802 802 802 806 806 806 807 807 807 802 802 802 807 807 807 803 803 803 801 801 801 805 805 805 806 806 806 801 801 801 806 806 806 802 802 802 803 803 803 807 807 807 804 804 804 803 803 803 804 804 804 800 800 800 808 808 808 809 809 809 810 810 810 808 808 808 810 810 810 811 811 811 812 812 812 814 814 814 813 813 813 812 812 812 815 815 815 814 814 814 808 808 808 812 812 812 813 813 813 808 808 808 813 813 813 809 809 809 810 810 810 814 814 814 815 815 815 810 810 810 815 815 815 811 811 811 809 809 809 813 813 813 814 814 814 809 809 809 814 814 814 810 810 810 811 811 811 815 815 815 812 812 812 811 811 811 812 812 812 808 808 808 816 816 816 817 817 817 818 818 818 816 816 816 818 818 818 819 819 819 820 820 820 822 822 822 821 821 821 820 820 820 823 823 823 822 822 822 816 816 816 820 820 820 821 821 821 816 816 816 821 821 821 817 817 817 818 818 818 822 822 822 823 823 823 818 818 818 823 823 823 819 819 819 817 817 817 821 821 821 822 822 822 817 817 817 822 822 822 818 818 818 819 819 819 823 823 823 820 820 820 819 819 819 820 820 820 816 816 816 824 824 824 825 825 825 826 826 826 824 824 824 826 826 826 827 827 827 828 828 828 830 830 830 829 829 829 828 828 828 831 831 831 830 830 830 824 824 824 828 828 828 829 829 829 824 824 824 829 829 829 825 825 825 826 826 826 830 830 830 831 831 831 826 826 826 831 831 831 827 827 827 825 825 825 829 829 829 830 830 830 825 825 825 830 830 830 826 826 826 827 827 827 831 831 831 828 828 828 827 827 827 828 828 828 824 824 824 832 832 832 833 833 833 834 834 834 832 832 832 834 834 834 835 835 835 836 836 836 838 838 838 837 837 837 836 836 836 839 839 839 838 838 838 832 832 832 836 836 836 837 837 837 832 832 832 837 837 837 833 833 833 834 834 834 838 838 838 839 839 839 834 834 834 839 839 839 835 835 835 833 833 833 837 837 837 838 838 838 833 833 833 838 838 838 834 834 834 835 835 835 839 839 839 836 836 836 835 835 835 836 836 836 832 832 832</p>
        </polylist>
      </mesh>
    </geometry>
  </library_geometries>
  <library_visual_scenes>
    <visual_scene id="Scene" name="Scene">
      <node id="CinewhoopFrame-node" name="CinewhoopFrame" type="NODE">
        <instance_geometry url="#CinewhoopFrame-mesh"/>
      </node>
    </visual_scene>
  </library_visual_scenes>
  <scene>
    <instance_visual_scene url="#Scene"/>
  </scene>
</COLLADA>